score,class,srl_m_1,srl_m_2,srl_m_3,srl_m_4,srl_m_5,srl_m_6,srl_m_7,srl_m_8,srl_m_9,srl_m_10,srl_m_11,srl_m_12,srl_m_13,srl_m_14,srl_m_15,srl_m_16,srl_m_17,srl_m_18,srl_m_19,srl_m_20,srl_m_21,srl_m_22,srl_m_23,srl_m_24,srl_m_25,srl_m_26,srl_m_27,srl_m_28,srl_m_29,srl_m_30,srl_m_31,s_1,s_2,s_3,s_4,s_5,s_6,s_7,s_8,s_9,s_10,s_11,s_12,s_13,s_14,s_15,s_16,s_17,s_18,s_19,s_20,s_21,s_22,s_23,s_24,s_25,s_26,s_27,s_28,s_29,s_30,s_31,s_32,s_33,s_34,s_35,s_36,s_37,s_38,s_39,s_40,s_41,s_42,s_43,s_44,s_45,s_46,s_47,s_48,srl_s_1,srl_s_2,srl_s_3,srl_s_4,srl_s_5,srl_s_6,srl_s_7,srl_s_8,srl_s_9,srl_s_10,srl_s_11,srl_s_12,srl_s_13,srl_s_14,srl_s_15,srl_s_16,srl_s_17,srl_s_18,srl_s_19,srl_s_20,srl_s_21,srl_s_22,srl_s_23,srl_s_24,srl_s_25,srl_s_26,srl_s_27,srl_s_28,srl_s_29,srl_s_30,srl_s_31,srl_s_32,srl_s_33,srl_s_34,srl_s_35,srl_s_36,srl_s_37,srl_s_38,srl_s_39,srl_s_40,srl_s_41,srl_s_42,srl_s_43,srl_s_44,srl_s_45,srl_s_46,srl_s_47,srl_s_48,srl_s_49,srl_s_50,ADD BOOKMARK,ADD MARKER,ADD MEMO,ADD_HW_MEMO,ADD_RECOMMENDATION,BOOKMARK_JUMP,CHANGE MEMO,CLEAR_HW_MEMO,CLOSE,CLOSE_RECOMMENDATION,DELETE BOOKMARK,DELETE MARKER,DELETE_MEMO,GETIT,LINK_CLICK,MEMO_JUMP,NEXT,NOTGETIT,OPEN,OPEN_RECOMMENDATION,PAGE_JUMP,PREV,REGIST CONTENTS,SEARCH,SEARCH_JUMP,UNDO_HW_MEMO,code_copy,code_execution,code_paste,code_speed,notebook_open,tree_open,AssertionError,AttributeError,AxisError,ConversionError,DataError,EmptyDataError,Exception,FileNotFoundError,HTTPError,ImportError,IndentationError,IndexError,IndexingError,InvalidURL,KeyError,KeyboardInterrupt,ModuleNotFoundError,NameError,OSError,OverflowError,ParserError,RecursionError,RuntimeError,SelectorSyntaxError,SpecificationError,StopIteration,SyntaxError,TabError,TclError,TypeError,UFuncTypeError,UnboundLocalError,UndefinedVariableError,ValueError,WebDriverException,XLRDError,ZeroDivisionError,codeLength,Viscode-login_times,Viscode-execute_times,Viscode-open_file_times,Viscode-success_run,Viscode-failed_run,Viscode-error_types,Viscode-spent_time
72,b,3.0,4,4.0,3,5.0,5.0,5,3,5,5.0,5,5.0,5.0,5,3,4,3.0,3,3,3,3,3,3,3.0,3.0,3.0,4,4,5,5.0,5,3,3,3,3,3,3,3,3,3,3,3,3,3,3,3,3,3,3,3,3,3,3,3,3,2,3,3,3,3,3,3,3,3,3,3,3,4,4,4,4,3,4,4,4,3,3,4,3,4.0,4,4,4,4.0,4,4,4,4.0,4,4,4.0,4,4,4.0,4.0,4.0,4.0,4.0,3,4,4,4.0,4,4.0,4,4.0,4.0,4.0,4.0,4,4,4,4,4,4,4,3,3,2.0,2,2,3,1,1,1,4,4,4,3,20,248,33,0,0,24,35,0,388,0,4,15,1,2,0,5,5971,0,417,0,5,2439,0,0,0,0,377,917,466,4720,322,117,0.0,0.0,0.0,0.0,0.0,0.0,0.0,0.0,0.0,0.0,33.0,0.0,0.0,0.0,0.0,0.0,0.0,9.0,0.0,0.0,0.0,0.0,0.0,0.0,0.0,0.0,88.0,6.0,0.0,4.0,0.0,0.0,0.0,1.0,0.0,0.0,0.0,4236.0,439,2199,322.0,2058,141.0,6.0,4535.4557
94,b,3.0,3,3.0,3,3.0,1.0,3,3,3,3.0,3,3.0,3.0,3,3,3,3.0,3,5,5,5,5,5,5.0,5.0,5.0,1,3,1,1.0,1,3,3,3,3,3,3,5,3,5,5,5,5,5,5,5,5,5,5,5,5,5,5,5,5,5,5,3,2,5,5,5,5,5,5,5,5,5,3,5,1,4,5,5,5,5,5,5,5,3.0,1,3,3,3.0,3,5,3,3.0,4,3,3.0,3,3,5.0,3.0,3.0,5.0,5.0,1,3,3,3.0,3,3.0,3,1.0,3.0,3.0,1.0,1,1,3,1,1,5,5,1,1,1.0,3,1,1,1,1,1,5,3,1,1,4,229,43,3,0,0,22,0,115,0,3,11,6,1,0,9,1361,1,142,0,1,360,0,0,0,0,35,182,84,667,43,19,0.0,1.0,0.0,0.0,0.0,0.0,0.0,0.0,0.0,0.0,0.0,0.0,0.0,0.0,0.0,0.0,0.0,2.0,0.0,0.0,0.0,0.0,0.0,0.0,0.0,0.0,16.0,0.0,0.0,3.0,0.0,0.0,0.0,0.0,0.0,0.0,0.0,1418.0,62,363,43.0,341,22.0,4.0,1222.083561
64,b,3.0,3,3.0,3,3.0,4.0,3,3,3,3.0,3,3.0,3.0,3,3,2,3.0,2,3,3,3,3,3,3.0,3.0,3.0,3,3,3,3.0,3,2,3,2,2,3,1,4,4,4,2,3,2,3,2,2,2,3,3,3,3,3,3,3,3,2,3,3,3,3,3,3,3,3,3,3,3,3,3,3,2,1,3,3,3,1,3,1,1,4.0,4,4,4,3.0,4,3,4,4.0,3,4,4.0,2,4,2.0,2.0,3.0,3.0,3.0,3,2,4,4.0,2,3.0,4,5.0,3.0,4.0,4.0,3,3,4,3,4,4,5,2,1,3.0,4,4,4,2,1,1,4,3,3,3,6,248,32,0,0,1,14,0,119,0,2,0,0,4,0,0,4072,11,338,0,25,1253,0,0,0,0,89,461,120,1218,41,41,0.0,0.0,0.0,0.0,0.0,0.0,0.0,0.0,0.0,0.0,20.0,0.0,0.0,0.0,0.0,6.0,0.0,11.0,0.0,0.0,0.0,0.0,0.0,0.0,0.0,0.0,67.0,0.0,0.0,7.0,0.0,0.0,0.0,0.0,0.0,0.0,0.0,3647.0,82,752,41.0,641,111.0,5.0,2303.35913
75,b,3.0,3,4.0,3,3.0,4.0,4,3,3,4.0,3,3.0,3.0,4,2,2,3.0,2,4,2,4,1,2,3.0,1.0,3.0,4,4,5,3.0,4,3,3,4,3,4,4,5,4,5,1,1,3,1,2,4,1,4,2,4,2,2,4,4,4,1,1,1,2,3,1,4,2,2,3,3,3,3,4,3,3,2,4,3,5,3,1,1,1,4.0,4,4,3,3.0,2,2,4,4.0,3,4,4.0,3,4,2.0,3.0,3.0,4.0,3.0,2,3,3,3.0,4,3.0,3,3.0,4.0,4.0,3.0,3,4,4,3,4,4,5,2,1,2.0,5,4,4,4,5,3,4,2,5,5,4,330,29,0,0,2,84,0,250,0,4,14,0,1,0,0,3620,0,299,0,30,1499,0,1,0,0,90,561,267,2292,98,50,0.0,3.0,0.0,0.0,0.0,0.0,0.0,0.0,0.0,0.0,18.0,0.0,0.0,0.0,0.0,0.0,0.0,6.0,0.0,0.0,0.0,0.0,0.0,0.0,0.0,0.0,69.0,0.0,0.0,6.0,0.0,0.0,0.0,0.0,0.0,0.0,0.0,2708.0,148,1066,98.0,964,102.0,5.0,2952.996306
67,b,3.0,3,4.0,4,4.0,4.0,3,4,3,4.0,3,3.0,3.0,3,2,2,2.0,3,2,4,3,2,2,2.0,2.0,2.0,5,4,5,5.0,4,2,3,2,2,4,2,4,4,5,2,2,2,4,3,2,2,3,4,3,3,4,4,4,2,2,1,1,3,4,4,5,4,4,4,4,4,4,5,4,4,2,4,4,4,1,2,2,2,4.0,4,4,3,4.0,3,3,4,4.0,2,4,4.0,2,3,4.0,2.0,2.0,3.0,3.0,3,4,3,4.0,4,4.0,3,3.0,3.0,5.0,4.0,4,4,4,2,4,4,5,4,2,3.0,3,3,4,3,5,5,2,4,4,5,2,257,26,3,0,0,17,0,122,1,1,20,1,1,0,0,5037,2,426,0,15,1535,0,0,0,0,269,1073,356,3712,174,83,0.0,10.0,0.0,0.0,0.0,0.0,0.0,0.0,0.0,0.0,28.0,3.0,0.0,0.0,1.0,2.0,0.0,52.0,0.0,0.0,0.0,3.0,0.0,0.0,0.0,0.0,157.0,1.0,0.0,29.0,0.0,3.0,0.0,2.0,0.0,0.0,0.0,2958.0,257,1955,174.0,1664,291.0,12.0,5832.748848
84,b,5.0,5,5.0,5,5.0,3.0,5,3,5,5.0,4,5.0,4.0,5,5,5,5.0,5,5,4,5,4,4,5.0,4.0,5.0,3,3,4,3.0,4,3,4,1,2,1,1,2,3,2,1,1,3,1,3,1,1,3,5,4,1,1,2,3,1,1,1,1,3,5,3,5,2,2,2,4,4,5,3,5,5,1,4,1,1,1,1,1,1,5.0,5,5,5,5.0,5,5,5,3.0,4,5,5.0,3,5,3.0,3.0,5.0,5.0,3.0,3,3,3,5.0,5,3.0,5,1.0,5.0,5.0,4.0,3,5,3,3,5,4,5,1,3,1.0,5,1,5,1,1,1,5,1,1,1,26,516,39,0,0,28,7,0,254,0,10,32,0,2,0,0,3587,7,332,0,1,1251,0,0,0,0,469,754,811,3101,184,67,0.0,4.0,0.0,0.0,0.0,0.0,0.0,0.0,0.0,0.0,5.0,0.0,0.0,0.0,0.0,2.0,0.0,16.0,0.0,0.0,0.0,0.0,0.0,0.0,0.0,0.0,60.0,0.0,0.0,20.0,0.0,0.0,0.0,7.0,0.0,0.0,0.0,3315.0,251,2285,184.0,2171,114.0,7.0,3278.163587
77,b,5.0,4,5.0,5,3.0,3.0,2,3,4,5.0,5,5.0,5.0,5,4,4,4.0,3,2,5,4,4,3,3.0,2.0,3.0,1,3,3,5.0,5,3,4,2,4,4,4,4,1,4,2,2,2,4,4,2,3,2,4,5,1,5,4,4,4,1,3,2,2,5,1,5,4,3,4,4,5,3,5,5,4,1,3,2,2,1,3,1,1,5.0,4,5,5,4.0,2,3,3,4.0,2,4,3.0,2,5,3.0,3.0,5.0,3.0,3.0,2,3,5,4.0,3,3.0,4,3.0,5.0,4.0,4.0,5,5,5,2,5,4,5,3,3,2.0,5,2,5,2,4,3,5,5,5,5,13,553,33,16,0,0,47,0,209,1,10,44,1,5,0,0,4418,3,397,0,4,1577,0,0,0,0,199,1398,317,5673,105,57,0.0,0.0,0.0,0.0,0.0,0.0,0.0,0.0,0.0,0.0,61.0,8.0,0.0,0.0,4.0,0.0,0.0,26.0,0.0,0.0,0.0,0.0,0.0,0.0,0.0,0.0,172.0,0.0,0.0,28.0,0.0,1.0,0.0,2.0,0.0,0.0,0.0,18523.0,162,2076,105.0,1774,302.0,8.0,7896.092938
82,b,3.0,3,3.0,3,3.0,3.0,3,3,4,4.0,4,4.0,4.0,4,3,3,2.0,2,2,2,2,2,1,2.0,2.0,2.0,2,2,2,2.0,2,4,4,1,1,4,1,4,4,4,1,1,3,4,3,1,2,4,4,4,2,3,3,4,2,1,1,1,1,4,3,4,3,3,3,3,3,3,3,3,3,1,1,1,4,1,4,1,4,2.0,4,4,3,4.0,2,2,4,4.0,2,4,4.0,2,4,2.0,2.0,2.0,2.0,2.0,3,3,4,4.0,4,2.0,2,3.0,3.0,4.0,3.0,3,3,3,3,3,3,4,3,2,2.0,3,2,4,3,3,3,4,2,3,3,11,228,41,0,0,4,15,0,262,0,5,21,3,0,0,1,3722,0,322,0,49,1248,0,1,0,0,319,801,360,3472,124,51,0.0,6.0,0.0,0.0,0.0,0.0,0.0,0.0,0.0,0.0,33.0,6.0,0.0,0.0,1.0,0.0,0.0,20.0,0.0,0.0,0.0,0.0,0.0,0.0,0.0,0.0,90.0,0.0,0.0,13.0,0.0,0.0,0.0,3.0,0.0,0.0,1.0,6008.0,175,1655,124.0,1482,173.0,9.0,4470.158965
98,b,5.0,5,5.0,5,5.0,4.0,5,4,5,5.0,5,5.0,5.0,5,5,5,5.0,5,4,5,5,5,4,5.0,5.0,5.0,3,3,3,3.0,4,5,5,5,4,5,5,5,5,5,5,4,4,5,5,5,5,5,5,5,5,5,3,4,5,5,5,5,4,5,5,5,5,5,5,5,5,4,4,5,5,4,5,5,4,3,5,5,4,4.0,4,4,4,4.0,4,4,5,5.0,5,5,4.0,4,5,4.0,4.0,4.0,4.0,4.0,4,4,4,4.0,4,4.0,4,4.0,4.0,4.0,4.0,4,5,5,3,4,4,4,4,4,4.0,4,5,4,3,4,4,4,4,4,4,2,282,89,2,0,0,140,0,354,0,1,11,39,1,0,0,5242,1,419,0,215,2601,0,0,0,0,143,749,189,2030,121,35,0.0,4.0,0.0,0.0,0.0,0.0,0.0,0.0,0.0,0.0,4.0,12.0,0.0,0.0,0.0,3.0,0.0,20.0,0.0,0.0,0.0,1.0,0.0,0.0,0.0,0.0,73.0,3.0,0.0,15.0,0.0,1.0,0.0,0.0,0.0,0.0,0.0,3517.0,156,1237,121.0,1101,136.0,10.0,5504.953314
83,b,4.0,4,4.0,4,3.0,3.0,3,3,4,4.0,5,5.0,4.0,5,3,5,4.0,4,3,3,4,3,3,3.0,3.0,3.0,3,3,4,3.0,4,3,3,4,3,4,2,5,5,5,2,2,3,4,3,2,2,3,3,4,1,3,2,3,4,2,2,2,4,4,2,4,3,4,3,2,3,3,4,4,3,3,3,5,5,1,1,1,1,5.0,5,5,5,5.0,4,3,5,4.0,3,5,5.0,3,4,1.0,3.0,3.0,3.0,3.0,2,3,4,4.0,5,4.0,5,2.0,4.0,5.0,4.0,4,5,5,4,5,4,5,2,1,1.0,3,2,4,3,4,4,5,3,5,5,97,556,62,0,0,667,149,0,612,1,14,53,8,3,0,0,8549,2,779,0,135,3256,0,1,0,0,268,1356,593,3513,233,93,0.0,0.0,0.0,0.0,0.0,0.0,0.0,0.0,0.0,0.0,88.0,10.0,0.0,0.0,0.0,0.0,0.0,28.0,0.0,0.0,0.0,1.0,0.0,0.0,0.0,0.0,203.0,0.0,0.0,52.0,0.0,0.0,0.0,10.0,0.0,0.0,0.0,3141.0,326,2543,233.0,2151,392.0,7.0,7736.98618
81,b,4.0,4,5.0,2,4.0,4.0,3,3,3,4.0,4,4.0,4.0,4,4,2,4.0,4,4,2,4,2,3,4.0,3.0,4.0,4,5,4,2.0,2,4,4,4,4,4,2,3,4,3,3,3,4,3,4,3,4,4,3,4,4,4,4,3,4,4,4,3,3,4,4,4,3,4,4,3,4,4,4,4,4,4,3,4,3,4,3,4,4,4.0,4,4,4,5.0,3,4,4,4.0,2,4,4.0,4,4,4.0,4.0,4.0,4.0,4.0,3,4,4,4.0,4,4.0,3,2.0,4.0,4.0,4.0,2,4,4,4,2,4,4,2,1,2.0,4,2,3,3,5,5,4,2,5,5,3,45,24,0,0,0,10,0,196,0,3,0,0,0,0,0,2929,0,257,0,1,1330,0,2,0,0,200,471,357,1475,110,45,0.0,0.0,0.0,0.0,0.0,0.0,0.0,0.0,0.0,0.0,51.0,0.0,0.0,0.0,2.0,1.0,0.0,2.0,0.0,0.0,0.0,0.0,0.0,0.0,0.0,0.0,69.0,2.0,0.0,3.0,0.0,0.0,0.0,1.0,0.0,0.0,0.0,1931.0,155,1183,110.0,1052,131.0,8.0,2609.546716
90,b,5.0,5,5.0,5,5.0,1.0,5,5,5,5.0,5,5.0,5.0,5,5,5,5.0,5,5,5,5,5,5,5.0,5.0,5.0,1,5,1,1.0,1,5,5,5,5,1,1,5,1,5,5,5,5,4,5,5,5,5,5,5,1,1,3,5,5,1,5,1,5,5,5,5,5,5,5,5,5,4,5,5,1,1,5,5,5,1,1,1,5,5.0,2,5,5,5.0,5,5,1,5.0,5,3,5.0,1,3,1.0,5.0,5.0,5.0,5.0,1,4,5,5.0,3,5.0,2,1.0,5.0,5.0,5.0,4,5,5,1,1,5,4,1,1,1.0,4,1,4,5,1,1,5,5,5,5,0,227,21,0,0,0,31,0,59,0,0,15,5,0,0,0,1500,0,86,0,3,832,0,0,0,0,119,497,100,1533,30,19,0.0,3.0,0.0,0.0,0.0,0.0,0.0,0.0,0.0,0.0,1.0,1.0,0.0,0.0,2.0,4.0,0.0,7.0,0.0,0.0,0.0,0.0,0.0,0.0,0.0,0.0,43.0,1.0,0.0,12.0,0.0,0.0,0.0,2.0,0.0,0.0,0.0,3585.0,49,765,30.0,689,76.0,10.0,3280.426613
70,b,4.0,4,4.0,4,4.0,4.0,4,4,4,4.0,4,4.0,4.0,4,4,4,4.0,4,3,4,4,4,4,4.0,4.0,4.0,4,4,4,4.0,4,4,4,3,4,4,3,4,3,3,2,3,3,4,3,4,3,4,4,4,2,3,4,4,3,2,4,4,3,4,4,4,4,4,3,4,4,4,4,4,2,1,4,4,3,2,2,4,4,3.0,3,4,3,4.0,4,3,3,4.0,4,5,5.0,4,4,3.0,4.0,4.0,4.0,4.0,4,3,4,4.0,3,4.0,4,2.0,4.0,4.0,3.0,3,4,4,3,4,3,4,3,3,2.0,4,2,4,2,4,5,4,4,4,4,0,47,16,26,0,0,12,0,175,0,0,1,0,0,0,0,2245,2,228,0,3,542,0,0,0,0,15,172,91,829,52,25,0.0,0.0,0.0,0.0,0.0,0.0,0.0,0.0,0.0,0.0,21.0,0.0,0.0,0.0,0.0,0.0,0.0,2.0,0.0,0.0,0.0,0.0,0.0,0.0,0.0,0.0,29.0,0.0,0.0,1.0,0.0,0.0,0.0,1.0,0.0,0.0,0.0,4886.0,77,355,52.0,301,54.0,5.0,815.959929
90,b,4.0,4,4.0,3,4.0,3.0,4,4,4,4.0,4,4.0,4.0,4,4,3,4.0,3,4,4,4,4,4,4.0,4.0,4.0,2,2,2,2.0,2,4,4,4,3,3,3,3,2,3,2,2,3,1,2,4,3,3,4,4,2,2,4,5,4,1,1,1,4,4,4,5,3,4,3,3,3,4,4,5,2,1,5,5,4,1,1,1,1,4.0,4,4,4,4.0,3,4,3,4.0,3,4,4.0,4,4,3.0,4.0,4.0,4.0,4.0,3,4,4,4.0,4,4.0,4,4.0,4.0,4.0,4.0,4,4,3,3,3,5,5,3,2,2.0,3,3,3,4,4,4,4,3,4,4,52,745,132,1,0,62,341,0,223,3,4,164,3,17,0,0,3867,3,309,1,50,1560,0,1,0,0,234,978,390,2606,150,61,0.0,15.0,0.0,0.0,0.0,0.0,0.0,0.0,0.0,0.0,11.0,7.0,0.0,0.0,0.0,1.0,0.0,24.0,0.0,0.0,0.0,0.0,0.0,0.0,0.0,0.0,87.0,0.0,0.0,46.0,0.0,0.0,0.0,6.0,0.0,0.0,0.0,4137.0,211,1813,150.0,1616,197.0,8.0,6262.712045
80,b,3.0,4,4.0,3,4.0,4.0,4,4,3,4.0,4,4.0,4.0,4,4,3,4.0,4,3,3,3,3,3,3.0,3.0,3.0,3,4,4,3.0,4,3,2,3,3,4,2,3,4,4,3,3,2,4,3,3,3,4,4,4,3,4,3,4,2,2,3,4,3,4,3,3,3,4,3,3,3,2,3,4,4,2,2,4,4,2,2,2,2,3.0,4,4,4,4.0,4,4,5,3.0,3,4,4.0,3,4,3.0,4.0,3.0,3.0,3.0,2,2,4,4.0,3,3.0,4,2.0,3.0,4.0,4.0,3,4,4,2,3,4,4,2,2,2.0,4,2,4,4,3,3,3,4,4,4,65,439,66,0,0,168,216,0,209,0,52,54,1,0,0,0,3564,1,281,0,1,1405,0,0,0,0,379,568,435,3246,236,84,0.0,0.0,0.0,0.0,0.0,0.0,0.0,0.0,0.0,0.0,17.0,0.0,0.0,0.0,0.0,0.0,0.0,6.0,0.0,0.0,0.0,0.0,0.0,0.0,0.0,0.0,70.0,2.0,0.0,11.0,0.0,0.0,0.0,0.0,0.0,0.0,0.0,2005.0,320,1702,236.0,1596,106.0,5.0,2834.658343
80,b,4.0,4,3.0,4,5.0,3.0,4,4,3,4.0,3,4.0,4.0,4,4,3,4.0,3,3,3,4,3,4,4.0,3.0,4.0,3,3,3,2.0,2,3,4,2,4,3,4,4,4,4,3,2,4,5,4,3,4,4,4,4,3,4,4,4,3,2,2,2,3,5,3,5,4,5,4,4,4,3,4,5,2,1,2,4,5,1,4,2,4,3.0,3,4,3,4.0,4,3,3,3.0,2,4,4.0,4,4,3.0,4.0,4.0,3.0,4.0,4,3,5,4.0,3,3.0,3,2.0,4.0,3.0,4.0,3,3,4,3,3,5,5,2,2,3.0,4,3,5,3,4,3,3,3,5,5,61,444,30,0,0,65,8,0,227,0,8,25,2,0,0,0,3174,0,282,0,77,1151,0,0,0,0,328,2013,384,5335,181,84,0.0,26.0,0.0,0.0,0.0,0.0,0.0,0.0,0.0,0.0,44.0,13.0,0.0,0.0,0.0,34.0,0.0,27.0,0.0,0.0,0.0,0.0,0.0,0.0,0.0,0.0,216.0,1.0,0.0,32.0,0.0,6.0,0.0,6.0,0.0,0.0,0.0,5249.0,265,2990,181.0,2585,405.0,10.0,14187.186473
73,b,2.0,2,3.0,2,4.0,3.0,2,2,2,4.0,3,3.0,3.0,4,4,5,4.0,5,2,1,4,2,2,2.0,2.0,2.0,4,3,2,4.0,3,2,2,2,2,2,1,2,4,3,1,1,2,1,2,2,1,3,2,2,1,3,1,2,2,1,1,2,4,3,2,3,2,3,3,3,2,1,3,5,1,2,1,4,4,1,1,2,1,2.0,2,2,2,2.0,3,3,2,2.0,3,2,3.0,2,3,2.0,3.0,4.0,3.0,2.0,4,2,2,2.0,2,2.0,4,4.0,3.0,3.0,4.0,2,2,2,4,2,2,4,3,2,3.0,4,3,4,2,5,5,1,2,5,5,1,36,19,2,0,0,12,0,64,0,1,0,0,1,0,0,1222,0,83,0,11,646,0,0,0,0,37,122,62,720,28,18,0.0,1.0,0.0,0.0,0.0,0.0,0.0,0.0,0.0,0.0,4.0,0.0,0.0,0.0,0.0,0.0,0.0,1.0,0.0,0.0,0.0,0.0,0.0,0.0,0.0,0.0,29.0,0.0,0.0,1.0,0.0,0.0,0.0,1.0,0.0,0.0,0.0,952.0,46,267,28.0,230,37.0,6.0,570.175587
83,b,4.0,4,4.0,4,4.0,4.0,2,4,3,5.0,4,5.0,5.0,5,4,2,4.0,2,4,2,5,2,5,5.0,2.0,4.0,5,5,5,5.0,5,4,2,2,4,4,4,4,4,4,1,1,3,1,2,2,3,4,3,3,2,2,4,4,2,2,2,1,4,4,3,4,3,4,3,4,4,3,4,4,4,2,4,5,5,1,1,1,1,4.0,4,4,4,4.0,3,4,4,4.0,3,5,5.0,3,5,2.0,2.0,4.0,4.0,2.0,4,2,4,4.0,4,2.0,4,2.0,4.0,4.0,2.0,4,4,4,2,4,5,5,2,2,2.0,2,2,4,1,5,5,2,2,5,5,5,430,33,11,0,1,7,0,179,1,5,58,4,8,0,0,3088,15,283,0,26,1177,0,3,3,0,110,417,150,1479,69,34,0.0,0.0,0.0,0.0,0.0,0.0,0.0,0.0,0.0,0.0,6.0,0.0,0.0,0.0,0.0,0.0,0.0,6.0,0.0,0.0,0.0,0.0,0.0,0.0,0.0,0.0,63.0,1.0,0.0,1.0,0.0,0.0,0.0,0.0,0.0,0.0,0.0,1467.0,103,780,69.0,703,77.0,5.0,2196.315963
81,b,3.0,4,4.0,4,2.0,2.0,1,1,4,5.0,4,4.0,4.0,4,4,2,4.0,4,2,4,4,4,3,2.0,4.0,4.0,2,3,1,1.0,1,5,5,3,4,1,5,4,1,5,2,3,5,5,4,3,4,4,5,5,3,3,4,4,4,3,5,3,5,3,5,3,3,4,3,3,3,4,4,4,3,4,4,3,2,2,5,5,4,4.0,3,4,5,5.0,3,5,2,4.0,5,2,4.0,3,3,3.0,5.0,4.0,5.0,5.0,5,3,5,4.0,3,5.0,4,1.0,2.0,5.0,2.0,4,3,3,2,4,5,5,3,2,1.0,5,2,4,5,5,5,5,3,5,5,3,26,36,3,0,1,20,0,99,0,3,2,2,3,0,0,1768,2,114,0,5,990,0,9,4,2,54,242,76,425,33,24,0.0,2.0,0.0,0.0,0.0,0.0,0.0,0.0,0.0,0.0,9.0,0.0,0.0,0.0,0.0,1.0,10.0,2.0,0.0,0.0,0.0,0.0,0.0,0.0,0.0,0.0,14.0,1.0,0.0,5.0,0.0,0.0,0.0,0.0,0.0,0.0,0.0,2414.0,57,429,33.0,385,44.0,8.0,1488.03548
81,b,5.0,4,4.0,5,5.0,5.0,4,3,5,4.0,4,5.0,5.0,5,4,4,5.0,5,5,4,4,4,4,5.0,4.0,5.0,2,2,1,1.0,1,4,4,2,2,3,2,5,5,4,1,2,2,2,5,3,3,1,4,3,1,5,5,3,4,2,1,2,4,5,4,4,5,5,3,3,4,5,5,5,5,2,4,5,5,1,1,1,3,5.0,5,5,4,5.0,4,5,5,5.0,4,5,5.0,5,5,2.0,4.0,4.0,3.0,3.0,2,5,5,5.0,5,3.0,4,1.0,4.0,5.0,5.0,4,5,5,1,4,5,5,1,1,1.0,5,1,5,3,5,4,4,5,5,5,70,345,39,10,0,219,103,0,199,0,11,35,2,7,0,0,3342,0,273,0,42,1211,0,2,1,5,226,606,270,2815,215,73,0.0,0.0,0.0,0.0,0.0,0.0,0.0,0.0,0.0,0.0,12.0,0.0,0.0,0.0,0.0,1.0,0.0,7.0,0.0,0.0,0.0,0.0,0.0,0.0,0.0,0.0,78.0,0.0,0.0,5.0,0.0,0.0,0.0,11.0,0.0,0.0,0.0,2204.0,288,1390,215.0,1276,114.0,6.0,3550.221122
85,b,4.0,4,2.0,3,4.0,4.0,4,2,4,4.0,3,4.0,4.0,4,4,4,4.0,4,4,4,4,4,4,4.0,4.0,4.0,1,1,1,1.0,1,5,5,4,4,2,2,3,2,3,2,2,3,5,5,2,4,5,4,5,2,5,5,5,4,4,3,5,2,4,5,5,3,2,5,4,4,4,4,4,2,3,4,2,3,2,5,5,5,4.0,3,5,5,5.0,3,4,3,4.0,4,4,5.0,3,4,2.0,4.0,3.0,3.0,3.0,4,2,3,5.0,3,2.0,2,1.0,4.0,5.0,2.0,5,5,3,2,3,4,4,2,1,1.0,5,1,5,3,3,3,5,3,4,2,2,143,20,0,0,1,19,0,113,0,1,10,2,1,0,0,1982,1,162,0,30,682,0,0,0,0,244,441,463,1076,44,34,0.0,2.0,0.0,0.0,0.0,0.0,0.0,0.0,0.0,0.0,5.0,0.0,0.0,0.0,0.0,0.0,1.0,5.0,0.0,0.0,0.0,0.0,0.0,0.0,0.0,0.0,41.0,1.0,0.0,3.0,0.0,0.0,0.0,1.0,0.0,0.0,0.0,1740.0,78,1226,44.0,1167,59.0,8.0,2882.425225
80,b,4.0,4,4.0,5,5.0,5.0,5,5,4,4.0,4,4.0,4.0,5,4,3,4.0,4,4,4,5,4,3,4.0,4.0,4.0,5,5,5,4.0,4,3,3,3,3,3,2,3,4,4,2,3,4,3,3,3,4,4,4,3,3,4,4,3,3,1,3,3,2,3,3,4,3,3,3,3,4,4,4,4,4,2,3,4,4,3,2,2,2,4.0,4,4,4,3.0,4,4,4,4.0,4,5,3.0,3,4,3.0,3.0,3.0,3.0,3.0,3,3,3,3.0,3,3.0,3,3.0,3.0,4.0,4.0,4,4,4,4,4,4,5,2,2,3.0,5,3,4,4,4,4,5,4,5,4,0,450,30,14,0,0,17,0,189,0,0,15,0,1,0,0,3328,2,237,0,10,1533,0,0,0,0,194,311,172,1695,78,29,0.0,0.0,0.0,0.0,0.0,0.0,0.0,0.0,0.0,0.0,11.0,0.0,0.0,0.0,0.0,5.0,0.0,7.0,0.0,0.0,0.0,0.0,0.0,0.0,0.0,0.0,40.0,0.0,0.0,0.0,0.0,0.0,0.0,1.0,0.0,0.0,0.0,2753.0,107,784,78.0,720,64.0,5.0,1214.227302
78,b,4.0,4,4.0,4,3.0,3.0,3,3,3,3.0,3,3.0,3.0,3,3,3,3.0,3,3,3,3,3,3,3.0,3.0,3.0,3,3,3,3.0,3,3,4,3,3,2,2,4,4,3,3,3,4,4,4,3,4,4,4,4,3,3,4,4,4,3,4,4,4,4,3,4,4,4,4,4,4,4,4,4,3,3,3,4,3,2,3,2,3,5.0,5,4,4,4.0,4,4,4,4.0,4,4,4.0,4,4,4.0,4.0,4.0,4.0,4.0,3,4,4,4.0,4,4.0,3,3.0,3.0,3.0,3.0,3,4,4,4,4,4,4,2,2,2.0,4,2,4,4,4,4,4,2,4,4,2,399,37,2,0,0,42,0,256,0,2,64,3,0,0,0,4956,0,339,0,1,2659,0,0,0,0,520,581,398,2988,159,61,0.0,1.0,0.0,0.0,0.0,0.0,0.0,0.0,0.0,1.0,12.0,1.0,0.0,0.0,0.0,0.0,2.0,14.0,0.0,0.0,0.0,0.0,0.0,0.0,0.0,0.0,100.0,0.0,0.0,15.0,0.0,0.0,0.0,1.0,0.0,0.0,0.0,6060.0,220,1719,159.0,1572,147.0,9.0,3071.642665
84,b,5.0,5,5.0,4,5.0,4.0,5,5,4,5.0,4,4.0,5.0,5,5,5,5.0,5,5,5,5,5,5,5.0,5.0,5.0,5,5,5,5.0,5,4,4,5,4,4,5,4,5,5,5,5,5,5,5,5,5,5,5,5,5,5,4,5,4,5,5,5,5,5,5,5,5,5,5,5,5,5,5,5,5,5,5,5,5,5,5,5,5,4.0,4,4,5,5.0,4,4,4,5.0,4,5,4.0,4,4,5.0,5.0,5.0,5.0,4.0,4,5,4,4.0,4,4.0,4,4.0,4.0,4.0,4.0,4,5,4,4,4,4,4,4,4,5.0,4,4,4,5,4,4,5,4,5,4,1,23,30,1,0,0,11,0,65,0,1,0,1,0,0,0,1122,3,134,0,5,523,0,0,0,0,158,221,207,750,53,39,0.0,0.0,0.0,0.0,0.0,0.0,0.0,0.0,0.0,0.0,0.0,0.0,0.0,0.0,2.0,0.0,0.0,4.0,0.0,0.0,0.0,0.0,0.0,0.0,0.0,0.0,13.0,0.0,0.0,2.0,0.0,0.0,0.0,0.0,0.0,0.0,0.0,2491.0,92,678,53.0,657,21.0,4.0,1394.036322
89,b,3.0,3,3.0,3,3.0,3.0,3,3,3,3.0,3,3.0,3.0,3,3,3,3.0,3,3,3,3,3,3,3.0,3.0,3.0,3,3,3,3.0,3,3,3,3,3,3,3,3,3,3,3,3,3,3,3,3,3,3,3,3,3,3,3,3,3,3,3,3,3,3,3,3,3,3,3,3,3,3,3,3,3,3,3,3,3,3,3,3,3,2.0,2,2,2,2.0,2,2,2,2.0,2,2,2.0,2,2,2.0,2.0,2.0,2.0,2.0,2,2,2,2.0,2,2.0,2,2.0,2.0,2.0,2.0,2,2,2,2,2,2,2,2,2,2.0,2,2,2,2,2,2,2,2,2,2,8,393,37,0,0,10,30,0,116,2,0,11,0,2,0,0,3490,0,290,0,73,1305,0,0,0,0,191,450,210,2279,77,36,0.0,2.0,0.0,0.0,0.0,0.0,0.0,0.0,0.0,0.0,23.0,1.0,0.0,0.0,0.0,0.0,0.0,3.0,0.0,0.0,0.0,0.0,0.0,0.0,0.0,0.0,44.0,3.0,0.0,20.0,0.0,1.0,0.0,0.0,0.0,0.0,0.0,2082.0,113,964,77.0,867,97.0,8.0,2491.943455
82,b,4.0,3,3.0,3,3.0,3.0,3,3,3,3.0,3,3.0,3.0,3,3,3,3.0,3,3,3,3,3,3,3.0,3.0,3.0,3,3,3,3.0,3,4,4,4,4,4,4,4,4,3,3,3,3,3,3,3,3,3,3,3,3,3,3,3,3,3,3,3,3,3,3,3,3,3,3,3,3,3,3,3,3,3,3,3,3,3,3,3,3,3.0,3,3,3,3.0,3,3,3,3.0,3,3,3.0,3,3,3.0,3.0,3.0,3.0,3.0,3,3,3,3.0,3,3.0,3,3.0,3.0,3.0,3.0,3,3,3,3,3,3,3,3,3,3.0,3,3,3,3,3,3,3,3,3,3,5,312,32,27,0,1,28,1,238,0,5,16,1,1,0,0,4244,1,270,0,0,2176,0,0,0,7,176,871,293,1942,89,59,0.0,10.0,0.0,0.0,0.0,0.0,0.0,0.0,0.0,0.0,58.0,10.0,0.0,0.0,0.0,0.0,0.0,15.0,0.0,0.0,0.0,0.0,0.0,0.0,0.0,0.0,114.0,6.0,0.0,17.0,0.0,10.0,0.0,0.0,0.0,0.0,0.0,5737.0,148,1488,89.0,1248,240.0,8.0,6097.370641
58,b,4.0,4,5.0,4,3.0,3.0,3,3,5,5.0,4,5.0,4.0,5,4,4,5.0,5,3,3,4,4,3,3.0,4.0,3.0,4,4,3,3.0,3,4,4,3,3,4,4,3,3,3,2,4,3,5,4,3,4,4,5,5,3,4,4,3,5,3,4,4,4,5,5,5,4,5,5,5,5,3,4,4,3,3,4,3,4,4,1,2,4,4.0,4,5,5,3.0,4,4,1,3.0,4,5,5.0,2,4,3.0,4.0,5.0,5.0,5.0,4,3,5,4.0,3,4.0,3,4.0,4.0,4.0,5.0,3,3,4,4,2,3,4,4,2,3.0,4,3,4,4,4,4,3,4,4,4,5,422,20,42,0,1,1,0,86,0,5,0,1,0,0,0,2160,0,168,0,55,690,0,0,0,1,6,126,22,862,37,19,0.0,1.0,0.0,0.0,0.0,0.0,0.0,0.0,0.0,0.0,5.0,0.0,0.0,0.0,0.0,0.0,0.0,12.0,0.0,0.0,0.0,0.0,0.0,0.0,0.0,0.0,39.0,0.0,0.0,1.0,0.0,0.0,0.0,0.0,0.0,0.0,0.0,2527.0,56,210,37.0,152,58.0,5.0,483.382307
96,b,5.0,5,5.0,4,5.0,5.0,5,2,5,5.0,5,5.0,5.0,5,5,5,5.0,5,5,5,5,5,5,4.0,5.0,4.0,1,1,3,1.0,3,5,3,3,5,4,5,5,2,5,4,5,5,5,5,5,4,5,5,5,5,5,5,5,4,4,5,3,5,5,5,5,5,5,4,5,5,4,4,5,2,1,5,4,4,3,5,5,5,5.0,5,5,5,5.0,5,5,5,5.0,5,5,5.0,4,5,5.0,5.0,5.0,5.0,5.0,2,5,5,5.0,3,5.0,5,2.0,5.0,5.0,5.0,5,5,5,3,5,5,4,2,1,1.0,5,1,5,4,3,3,3,5,5,5,1,417,35,22,0,0,19,0,137,0,1,69,4,7,0,0,1897,2,192,0,18,431,0,0,0,0,27,136,45,312,18,19,0.0,0.0,0.0,0.0,0.0,0.0,0.0,0.0,0.0,0.0,0.0,0.0,0.0,0.0,0.0,0.0,0.0,3.0,0.0,0.0,0.0,0.0,0.0,0.0,0.0,0.0,3.0,0.0,0.0,4.0,0.0,0.0,0.0,1.0,0.0,0.0,0.0,3037.0,37,245,18.0,234,11.0,4.0,800.288823
67,b,4.0,4,5.0,4,4.0,3.0,5,4,3,5.0,4,4.0,5.0,4,4,4,4.0,4,3,2,4,2,2,3.0,2.0,2.0,3,4,4,5.0,5,1,3,3,3,3,3,3,3,3,2,3,2,2,4,3,3,3,3,3,3,3,3,3,3,3,3,3,3,3,3,3,3,3,3,3,3,3,3,3,3,3,4,3,3,3,3,3,3,4.0,5,5,5,2.0,4,4,4,5.0,4,5,5.0,3,5,3.0,3.0,5.0,4.0,2.0,4,4,4,4.0,2,4.0,4,4.0,5.0,4.0,4.0,2,4,2,5,2,2,4,1,1,3.0,4,4,4,4,1,1,4,2,5,2,64,400,36,26,0,106,77,1,208,0,6,23,1,2,0,0,4614,1,316,0,0,2285,0,0,0,9,168,757,205,2965,103,54,0.0,4.0,0.0,0.0,0.0,0.0,0.0,0.0,0.0,0.0,22.0,30.0,0.0,0.0,1.0,0.0,0.0,15.0,0.0,0.0,0.0,0.0,0.0,0.0,0.0,0.0,77.0,0.0,0.0,26.0,0.0,1.0,0.0,2.0,0.0,0.0,0.0,4762.0,157,1287,103.0,1109,178.0,9.0,3442.13687
90,b,4.0,5,5.0,3,5.0,5.0,5,5,3,4.0,4,4.0,5.0,4,3,5,5.0,5,5,4,4,4,4,4.0,4.0,4.0,5,5,4,4.0,4,1,5,1,4,1,1,1,3,1,1,1,1,1,1,1,3,3,4,5,1,2,5,2,1,1,1,1,1,3,1,5,5,1,2,2,4,3,4,3,4,1,3,1,3,1,1,1,1,5.0,5,5,5,5.0,1,5,5,5.0,5,5,5.0,5,5,3.0,5.0,1.0,3.0,5.0,1,5,5,5.0,5,4.0,5,3.0,5.0,5.0,5.0,5,4,4,5,5,5,5,1,1,5.0,5,1,4,1,1,1,5,5,5,5,7,429,88,14,0,1,86,1,355,0,7,156,4,6,0,0,5187,5,475,0,231,2244,0,1,0,12,546,3204,856,10343,523,144,0.0,31.0,0.0,0.0,0.0,0.0,0.0,0.0,0.0,0.0,11.0,5.0,0.0,0.0,3.0,0.0,1.0,75.0,0.0,0.0,0.0,0.0,0.0,0.0,0.0,0.0,334.0,1.0,0.0,125.0,0.0,1.0,0.0,7.0,0.0,0.0,0.0,9463.0,667,5273,523.0,4679,594.0,11.0,19309.816882
74,b,1.0,1,5.0,1,5.0,5.0,5,5,5,5.0,3,5.0,4.0,3,3,3,3.0,3,5,1,5,1,3,3.0,4.0,3.0,4,5,5,5.0,3,3,1,1,5,1,4,1,1,1,4,1,1,5,3,1,5,5,5,5,1,1,5,5,5,3,1,1,4,5,5,3,1,5,1,1,1,3,3,5,5,1,5,3,5,3,1,4,1,5.0,5,5,5,5.0,5,5,5,5.0,5,5,5.0,5,5,5.0,5.0,5.0,5.0,5.0,5,5,5,5.0,5,5.0,5,5.0,5.0,5.0,5.0,5,5,5,5,5,5,5,5,5,3.0,5,3,5,5,5,5,5,1,5,5,1,100,24,20,0,0,5,1,102,3,1,22,0,189,0,0,1989,25,139,0,35,840,0,2,0,0,126,596,355,1553,45,28,0.0,6.0,0.0,0.0,0.0,0.0,0.0,0.0,0.0,0.0,12.0,5.0,0.0,0.0,0.0,20.0,0.0,12.0,0.0,0.0,0.0,0.0,0.0,0.0,0.0,0.0,67.0,0.0,0.0,10.0,0.0,0.0,0.0,4.0,0.0,0.0,0.0,1853.0,73,1150,45.0,1014,136.0,8.0,4034.89397
88,b,4.0,4,4.0,4,5.0,4.0,5,5,4,4.0,5,5.0,5.0,5,4,4,4.0,4,5,4,4,4,4,4.0,4.0,4.0,3,3,3,3.0,3,4,4,4,4,4,4,4,4,5,5,5,5,5,5,5,5,5,5,5,5,5,4,4,4,4,4,4,4,4,4,4,4,5,5,5,5,3,3,3,3,3,3,5,5,5,5,5,5,4.0,4,4,4,4.0,4,4,4,4.0,4,4,4.0,5,3,5.0,5.0,5.0,5.0,5.0,5,5,4,4.0,4,4.0,4,4.0,4.0,5.0,5.0,5,5,5,2,5,5,5,2,1,2.0,5,2,5,2,2,2,3,2,5,5,5,550,71,60,0,3,58,4,163,0,4,64,7,1,0,1,3706,1,428,0,104,909,0,53,12,21,208,512,317,1400,192,71,0.0,0.0,0.0,0.0,0.0,0.0,0.0,0.0,0.0,0.0,19.0,0.0,0.0,0.0,1.0,0.0,0.0,11.0,0.0,0.0,0.0,0.0,0.0,0.0,0.0,0.0,169.0,0.0,0.0,11.0,0.0,0.0,0.0,2.0,0.0,0.0,0.0,2265.0,263,1300,192.0,1087,213.0,6.0,3245.663688
67,b,3.0,3,4.0,4,4.0,3.0,3,3,4,4.0,3,4.0,3.0,4,4,3,3.0,3,3,2,3,2,2,3.0,2.0,2.0,3,3,2,3.0,3,2,3,2,2,2,2,3,2,2,2,3,3,2,2,2,2,3,3,3,2,2,3,3,3,2,3,2,2,3,3,3,2,3,2,2,2,2,3,3,3,1,3,3,3,2,2,3,2,3.0,3,3,3,3.0,3,3,3,3.0,3,4,4.0,4,4,3.0,3.0,3.0,3.0,4.0,4,4,3,3.0,2,2.0,3,3.0,3.0,3.0,3.0,2,3,3,3,3,3,4,3,3,3.0,3,4,3,2,2,2,3,2,4,3,10,852,28,0,0,0,50,0,102,0,10,44,2,9,0,15,2111,18,160,0,14,1125,0,0,0,0,193,816,318,2758,120,58,0.0,4.0,0.0,0.0,0.0,0.0,0.0,0.0,0.0,0.0,12.0,0.0,0.0,0.0,4.0,10.0,0.0,35.0,0.0,0.0,0.0,0.0,0.0,0.0,0.0,0.0,116.0,0.0,0.0,4.0,0.0,0.0,0.0,0.0,0.0,0.0,0.0,3296.0,178,1505,120.0,1320,185.0,7.0,5081.859304
76,b,4.0,5,4.0,5,5.0,5.0,5,5,4,4.0,4,5.0,4.0,5,5,4,5.0,4,4,3,4,4,4,4.0,4.0,4.0,4,5,3,4.0,4,2,4,2,2,4,2,2,2,3,2,2,2,5,2,2,2,4,4,4,2,2,4,2,2,2,2,2,4,4,2,4,2,5,4,2,4,4,2,4,4,1,1,2,2,1,1,1,1,4.0,4,3,4,4.0,3,3,4,5.0,4,4,4.0,4,3,4.0,4.0,4.0,4.0,4.0,5,3,3,5.0,4,4.0,5,4.0,4.0,4.0,4.0,4,3,3,3,4,3,5,5,5,4.0,5,4,5,3,5,4,5,3,5,5,16,347,38,59,0,17,24,0,97,0,6,18,0,28,0,0,3192,2,276,0,26,996,0,0,0,13,223,792,278,2137,81,60,0.0,2.0,0.0,0.0,0.0,0.0,0.0,0.0,0.0,0.0,10.0,7.0,0.0,0.0,0.0,0.0,0.0,14.0,0.0,0.0,0.0,1.0,0.0,0.0,0.0,0.0,139.0,0.0,0.0,20.0,0.0,1.0,0.0,2.0,0.0,0.0,0.0,4019.0,141,1434,81.0,1238,196.0,9.0,5457.143283
93,b,4.0,4,4.0,4,3.0,3.0,3,3,4,3.0,4,4.0,3.0,3,4,3,4.0,3,3,4,4,4,3,3.0,4.0,3.0,2,3,2,2.0,2,4,4,3,3,3,4,4,3,4,3,4,4,3,4,3,4,4,4,4,2,3,3,4,4,2,3,2,4,4,4,4,4,4,4,4,4,3,3,3,3,1,2,3,3,2,3,1,3,4.0,4,4,3,4.0,4,4,3,3.0,4,3,4.0,3,3,3.0,3.0,3.0,3.0,3.0,3,3,3,3.0,3,3.0,3,3.0,3.0,3.0,3.0,3,3,3,3,3,3,4,2,2,2.0,4,2,4,3,3,3,3,2,3,3,4,193,36,2,0,8,91,0,176,0,4,25,6,0,0,0,2524,0,206,0,80,1202,0,0,0,0,107,323,231,1174,54,24,0.0,3.0,0.0,0.0,0.0,0.0,0.0,0.0,0.0,0.0,9.0,8.0,0.0,0.0,0.0,0.0,0.0,10.0,0.0,0.0,0.0,0.0,0.0,0.0,0.0,0.0,27.0,3.0,0.0,5.0,0.0,0.0,0.0,1.0,0.0,0.0,0.0,2279.0,78,739,54.0,673,66.0,8.0,1890.051944
78,b,4.0,4,4.0,4,4.0,3.0,3,3,4,3.0,4,4.0,4.0,4,4,4,4.0,3,3,3,3,3,3,3.0,3.0,3.0,2,3,2,2.0,2,3,4,2,2,2,1,3,1,3,1,2,4,1,3,2,2,4,3,2,2,3,2,3,2,3,1,2,3,4,4,4,3,4,3,2,3,5,4,4,4,1,1,5,4,1,1,1,3,3.0,3,4,4,4.0,4,4,3,3.0,4,3,3.0,3,3,4.0,4.0,3.0,4.0,4.0,3,3,3,4.0,3,3.0,3,2.0,3.0,3.0,3.0,3,4,3,2,3,3,3,3,2,2.0,3,2,3,3,3,3,3,3,3,3,4,267,23,21,0,1,20,0,92,0,4,1,1,0,0,0,1688,0,122,0,1,645,0,0,0,27,51,179,115,802,33,16,0.0,1.0,0.0,0.0,0.0,0.0,0.0,0.0,0.0,0.0,1.0,0.0,0.0,0.0,0.0,1.0,0.0,2.0,0.0,0.0,0.0,0.0,0.0,0.0,0.0,0.0,15.0,0.0,0.0,2.0,0.0,0.0,0.0,1.0,0.0,0.0,0.0,2499.0,49,394,33.0,371,23.0,7.0,1040.42985
89,b,4.0,4,3.0,1,5.0,5.0,4,1,4,4.0,2,3.0,3.0,3,4,3,3.0,3,4,5,5,5,4,4.0,4.0,4.0,1,3,1,1.0,1,5,5,1,1,5,5,1,1,1,1,1,1,1,3,3,3,5,5,5,5,1,5,5,3,3,3,3,3,3,3,3,3,3,3,3,3,3,3,3,3,3,3,3,3,3,1,1,1,3.0,2,3,3,4.0,4,5,2,2.0,3,2,3.0,1,1,3.0,4.0,4.0,4.0,4.0,4,3,3,3.0,3,3.0,2,1.0,2.0,3.0,2.0,3,2,2,4,3,4,5,2,4,1.0,3,1,5,1,1,1,5,1,1,1,0,289,26,22,0,0,27,1,124,0,0,9,5,0,0,0,2359,0,152,0,36,1365,0,0,0,20,31,348,83,1303,46,26,0.0,3.0,0.0,0.0,0.0,0.0,0.0,0.0,0.0,0.0,3.0,6.0,0.0,0.0,7.0,0.0,0.0,6.0,0.0,0.0,0.0,0.0,0.0,0.0,0.0,0.0,15.0,0.0,0.0,23.0,0.0,0.0,0.0,0.0,0.0,0.0,0.0,2443.0,72,534,46.0,471,63.0,7.0,2133.637543
91,b,5.0,5,5.0,4,5.0,5.0,5,4,5,4.0,4,5.0,4.0,4,4,4,5.0,3,4,3,4,4,4,4.0,4.0,4.0,1,5,5,3.0,5,3,4,3,4,4,3,5,5,4,3,3,3,3,4,3,5,5,4,5,4,3,4,5,3,4,3,4,4,5,5,5,5,5,4,5,4,3,5,5,4,3,5,5,5,3,2,2,3,5.0,5,5,4,4.0,4,4,5,4.0,4,5,5.0,3,5,5.0,5.0,4.0,4.0,4.0,1,3,3,4.0,4,3.0,4,1.0,3.0,4.0,3.0,4,5,4,1,5,5,5,1,2,1.0,5,1,5,4,4,5,4,4,5,5,1,283,37,0,0,0,17,0,177,1,1,71,2,5,0,0,5625,0,437,0,13,2011,0,0,0,0,354,671,471,3302,156,56,0.0,1.0,0.0,0.0,0.0,0.0,0.0,0.0,0.0,0.0,10.0,3.0,0.0,0.0,0.0,0.0,0.0,6.0,0.0,0.0,0.0,0.0,0.0,0.0,0.0,0.0,45.0,0.0,0.0,6.0,0.0,0.0,0.0,3.0,0.0,0.0,0.0,2373.0,212,1708,156.0,1634,74.0,7.0,3578.226571
96,b,4.0,4,4.0,5,5.0,2.0,5,4,5,5.0,5,5.0,5.0,5,5,4,4.0,4,4,1,5,4,5,3.0,4.0,3.0,3,4,4,2.0,2,4,4,3,3,4,4,4,4,3,3,2,3,4,3,4,5,4,4,4,4,4,4,5,4,4,5,4,4,4,3,4,4,5,4,4,4,4,4,4,4,2,3,4,4,4,4,4,4,3.0,3,3,1,2.0,3,3,3,3.0,3,3,3.0,3,3,3.0,3.0,3.0,4.0,5.0,1,4,5,5.0,4,5.0,5,5.0,5.0,5.0,4.0,5,5,5,4,5,4,5,4,5,1.0,5,5,4,5,4,5,5,5,4,5,12,356,47,2,0,13,61,0,237,0,12,73,3,26,0,0,3140,4,284,0,42,986,0,0,0,0,338,560,248,2352,104,46,0.0,4.0,0.0,0.0,0.0,0.0,0.0,0.0,0.0,0.0,7.0,7.0,0.0,0.0,2.0,4.0,0.0,7.0,0.0,0.0,0.0,0.0,0.0,0.0,0.0,0.0,76.0,0.0,0.0,6.0,0.0,3.0,0.0,3.0,0.0,0.0,0.0,1360.0,150,1296,104.0,1177,119.0,10.0,3416.604181
81,b,3.0,3,3.0,2,3.0,3.0,3,2,2,3.0,3,3.0,3.0,3,3,3,3.0,3,3,3,3,3,3,3.0,3.0,3.0,2,2,1,1.0,2,3,3,3,2,3,2,2,2,2,1,1,2,1,3,2,1,2,2,2,2,1,2,3,2,2,1,3,3,2,2,3,3,3,3,3,3,2,2,2,3,2,2,3,2,1,1,1,1,3.0,3,3,2,3.0,2,3,2,3.0,2,3,3.0,1,3,3.0,2.0,2.0,3.0,3.0,2,1,2,2.0,2,3.0,2,1.0,2.0,3.0,3.0,3,3,3,3,3,3,3,1,2,1.0,3,2,3,2,3,1,2,2,2,2,12,203,17,8,0,0,10,1,127,0,12,64,3,15,0,1,2301,6,178,0,10,1000,0,3,0,6,134,433,191,1644,72,49,0.0,0.0,0.0,0.0,0.0,0.0,0.0,0.0,0.0,0.0,0.0,0.0,0.0,0.0,0.0,1.0,0.0,8.0,0.0,0.0,0.0,0.0,0.0,0.0,0.0,0.0,48.0,0.0,0.0,4.0,0.0,0.0,0.0,5.0,0.0,0.0,0.0,1484.0,121,879,72.0,813,66.0,5.0,2284.614201
76,b,4.0,4,5.0,4,5.0,3.0,3,3,4,4.0,3,4.0,4.0,4,4,4,4.0,4,2,3,2,3,2,2.0,2.0,2.0,4,4,4,4.0,3,4,2,4,4,2,4,3,4,3,1,3,3,2,2,1,3,4,3,3,2,2,4,4,3,1,2,2,2,3,1,2,3,2,2,2,3,3,4,4,3,1,4,4,4,1,1,1,1,2.0,3,3,3,4.0,3,2,1,2.0,2,4,4.0,2,2,2.0,2.0,2.0,2.0,3.0,4,2,2,2.0,2,2.0,2,2.0,2.0,2.0,2.0,2,2,2,4,2,3,5,4,4,2.0,3,4,3,2,5,4,4,2,5,5,21,780,36,17,0,21,42,0,156,0,8,25,4,0,0,1,2355,0,236,0,13,790,0,3,4,0,229,1340,355,3142,131,74,0.0,1.0,0.0,0.0,0.0,0.0,0.0,0.0,0.0,0.0,42.0,3.0,0.0,0.0,2.0,0.0,0.0,10.0,0.0,0.0,0.0,0.0,0.0,0.0,0.0,0.0,135.0,14.0,0.0,13.0,0.0,3.0,0.0,0.0,0.0,0.0,0.0,2944.0,205,2129,131.0,1906,223.0,9.0,9407.067557
81,b,3.0,3,5.0,4,4.0,4.0,3,3,4,4.0,4,5.0,4.0,5,4,4,4.0,4,4,3,4,3,3,4.0,3.0,3.0,2,3,3,4.0,5,3,4,1,1,3,1,4,2,4,1,1,2,1,2,1,3,4,3,3,2,1,4,4,4,2,2,1,3,4,3,4,4,3,2,2,3,2,3,4,3,1,5,3,4,1,2,1,2,5.0,4,4,4,3.0,3,3,3,4.0,3,5,4.0,3,4,3.0,4.0,3.0,3.0,4.0,2,3,4,3.0,4,3.0,4,2.0,4.0,4.0,3.0,4,4,4,2,3,4,5,3,2,2.0,4,4,4,1,1,1,4,3,4,4,26,506,59,15,0,76,168,0,202,0,9,55,11,2,0,0,3453,0,283,0,114,1424,0,0,0,12,225,563,313,1619,82,58,0.0,6.0,0.0,0.0,0.0,0.0,0.0,0.0,0.0,0.0,2.0,0.0,0.0,0.0,2.0,1.0,0.0,18.0,0.0,0.0,0.0,0.0,0.0,0.0,0.0,0.0,63.0,0.0,0.0,7.0,0.0,0.0,0.0,2.0,0.0,0.0,0.0,2759.0,140,1241,82.0,1140,101.0,8.0,3777.060243
76,b,3.0,3,3.0,3,5.0,4.0,5,4,3,3.0,3,3.0,3.0,3,3,3,3.0,2,2,2,2,2,1,1.0,2.0,1.0,4,4,5,4.0,5,4,4,5,5,3,5,3,5,3,1,3,3,1,2,3,2,3,3,3,3,2,3,4,3,1,2,1,2,3,2,3,3,3,3,3,3,2,2,5,5,1,5,5,5,1,1,1,1,3.0,3,4,3,3.0,3,4,4,4.0,3,5,5.0,2,3,3.0,3.0,3.0,3.0,4.0,3,3,3,3.0,3,3.0,4,4.0,4.0,3.0,3.0,3,5,4,3,5,4,3,2,2,3.0,3,3,3,1,1,3,3,2,5,3,6,212,36,12,0,1,45,0,356,0,1,4,3,2,0,0,5023,1,421,0,0,1997,0,0,0,1,148,1619,475,5272,182,83,0.0,6.0,0.0,0.0,0.0,0.0,0.0,0.0,0.0,0.0,41.0,0.0,0.0,0.0,2.0,7.0,0.0,27.0,0.0,0.0,0.0,0.0,0.0,0.0,0.0,0.0,241.0,6.0,0.0,20.0,0.0,0.0,0.0,6.0,0.0,0.0,0.0,2833.0,265,2507,182.0,2151,356.0,9.0,11122.53022
54,b,4.0,4,4.0,4,4.0,4.0,5,5,4,4.0,4,4.0,4.0,4,4,2,3.0,2,4,3,4,4,4,4.0,4.0,4.0,3,3,4,3.0,3,4,5,3,2,4,4,4,5,4,4,4,2,3,4,4,3,5,5,3,2,4,4,2,4,3,3,2,3,3,3,4,4,4,4,4,4,3,3,4,2,2,4,4,4,2,5,3,3,4.0,4,4,4,5.0,4,4,4,4.0,4,4,4.0,4,4,4.0,4.0,4.0,4.0,4.0,2,4,4,4.0,4,4.0,4,2.0,4.0,4.0,4.0,4,4,4,2,4,4,4,2,2,2.0,4,3,4,3,4,3,4,4,4,4,6,135,19,0,0,1,9,0,103,0,6,14,1,2,0,0,1525,1,122,0,2,486,0,0,0,0,74,902,57,1687,26,20,0.0,0.0,0.0,0.0,0.0,0.0,0.0,0.0,0.0,0.0,3.0,5.0,0.0,0.0,0.0,0.0,0.0,19.0,0.0,0.0,0.0,0.0,0.0,0.0,0.0,0.0,81.0,0.0,0.0,9.0,0.0,0.0,0.0,0.0,0.0,0.0,0.0,6351.0,46,1079,26.0,962,117.0,5.0,3284.66121
80,b,4.0,5,5.0,4,4.0,3.0,3,3,3,5.0,5,4.0,4.0,5,4,4,4.0,4,3,3,5,4,3,3.0,3.0,3.0,3,3,3,3.0,4,3,4,3,3,4,2,4,3,4,2,2,3,2,3,2,2,3,3,4,3,4,3,4,2,2,2,1,3,3,3,4,4,3,3,3,4,3,4,4,3,3,4,3,3,1,1,1,3,4.0,4,4,4,5.0,4,4,3,4.0,3,4,4.0,3,3,3.0,4.0,4.0,4.0,3.0,3,3,5,4.0,3,3.0,4,3.0,3.0,4.0,3.0,3,4,4,3,4,3,4,3,3,2.0,3,2,3,3,4,4,4,3,4,4,43,464,48,1,0,116,214,0,335,0,32,95,7,4,0,2,5582,1,415,0,80,2771,0,0,0,1,311,565,322,4836,140,54,0.0,0.0,0.0,0.0,0.0,0.0,0.0,0.0,0.0,0.0,13.0,0.0,0.0,0.0,1.0,3.0,0.0,16.0,0.0,0.0,0.0,0.0,0.0,0.0,0.0,0.0,65.0,4.0,0.0,6.0,0.0,0.0,0.0,0.0,0.0,0.0,0.0,6934.0,194,1392,140.0,1284,108.0,7.0,2854.76172
80,b,4.0,3,3.0,4,2.0,4.0,5,5,4,4.0,3,5.0,3.0,4,5,4,5.0,4,3,2,4,3,2,2.0,3.0,3.0,5,5,5,5.0,4,5,4,3,4,2,3,4,4,4,2,1,3,1,3,2,3,4,4,3,2,3,3,3,4,2,1,2,3,3,2,4,4,5,4,4,4,4,4,4,2,1,2,4,5,2,2,2,3,4.0,3,3,3,3.0,2,2,3,3.0,2,2,4.0,2,3,2.0,2.0,4.0,2.0,3.0,4,2,2,3.0,3,3.0,2,3.0,3.0,4.0,3.0,3,2,2,3,4,4,5,4,2,3.0,3,3,3,2,3,2,4,4,4,4,1,359,30,20,0,0,82,0,220,0,1,4,3,5,0,0,3087,3,267,0,22,1178,0,0,0,2,318,776,389,3243,131,50,0.0,1.0,0.0,0.0,0.0,0.0,0.0,0.0,0.0,0.0,73.0,2.0,0.0,0.0,1.0,0.0,0.0,12.0,0.0,0.0,0.0,0.0,0.0,0.0,0.0,0.0,129.0,4.0,0.0,8.0,0.0,1.0,0.0,4.0,0.0,0.0,0.0,2415.0,181,1664,131.0,1429,235.0,10.0,4766.093758
85,b,3.0,3,5.0,2,5.0,5.0,5,4,5,5.0,5,5.0,5.0,5,4,1,5.0,5,5,2,5,2,4,4.0,4.0,4.0,3,4,1,1.0,4,4,3,2,3,4,2,4,2,3,2,4,4,2,4,5,3,5,5,5,3,3,5,3,5,1,2,2,4,5,2,5,5,5,5,5,5,4,5,5,3,3,5,5,5,3,1,3,3,4.0,4,4,4,4.0,5,4,3,5.0,4,3,4.0,5,4,3.0,5.0,5.0,4.0,2.0,1,5,4,3.0,3,3.0,4,1.0,4.0,3.0,4.0,2,3,4,5,4,4,5,3,4,3.0,4,2,4,2,4,2,2,4,3,5,7,310,32,36,0,2,14,0,205,0,7,49,3,7,0,0,3233,9,245,0,52,1376,0,0,0,0,601,1063,754,2925,133,39,0.0,4.0,0.0,0.0,0.0,0.0,0.0,0.0,0.0,0.0,52.0,1.0,0.0,0.0,0.0,2.0,0.0,17.0,0.0,0.0,0.0,0.0,0.0,0.0,0.0,0.0,119.0,0.0,0.0,41.0,0.0,0.0,0.0,1.0,0.0,0.0,1.0,2041.0,172,2590,133.0,2352,238.0,9.0,6832.026841
87,b,5.0,5,5.0,5,5.0,5.0,4,4,4,3.0,4,5.0,5.0,5,5,5,5.0,3,4,4,5,4,5,5.0,5.0,5.0,2,2,2,2.0,2,4,4,2,2,4,3,3,4,3,2,2,4,4,3,2,3,4,4,4,2,2,4,4,3,3,3,2,3,3,4,4,3,3,2,4,3,4,3,5,3,2,5,4,3,1,1,1,1,5.0,5,5,4,4.0,5,5,3,3.0,4,5,5.0,3,5,5.0,5.0,5.0,5.0,5.0,3,4,5,4.0,5,5.0,4,2.0,5.0,4.0,5.0,4,5,4,2,5,5,5,2,1,1.0,1,1,2,3,4,4,5,4,4,4,6,354,45,7,0,4,30,0,192,0,6,27,6,7,0,0,2458,0,204,0,45,856,0,2,0,0,63,799,140,1737,16,18,0.0,3.0,0.0,0.0,0.0,0.0,0.0,0.0,0.0,0.0,8.0,3.0,0.0,0.0,0.0,2.0,0.0,15.0,0.0,0.0,0.0,0.0,0.0,0.0,0.0,0.0,20.0,0.0,0.0,11.0,0.0,0.0,0.0,0.0,0.0,0.0,0.0,1709.0,34,1036,16.0,974,62.0,7.0,6544.952576
84,b,5.0,4,5.0,4,5.0,4.0,5,4,5,4.0,5,4.0,5.0,4,5,4,5.0,4,5,4,5,4,5,4.0,5.0,4.0,5,4,5,4.0,5,4,5,2,5,4,4,3,2,3,3,3,4,1,2,2,4,5,5,5,5,5,5,5,5,3,4,3,3,3,3,3,4,4,4,4,4,4,3,3,3,3,3,2,4,2,2,3,5,3.0,3,3,3,4.0,3,4,3,4.0,3,3,4.0,3,4,3.0,4.0,4.0,3.0,4.0,4,3,3,4.0,3,4.0,3,4.0,4.0,3.0,4.0,3,5,5,2,4,5,5,2,2,5.0,4,3,4,5,3,4,5,4,3,4,4,221,59,2,0,0,86,0,149,0,2,52,10,11,0,1,2356,1,222,0,173,1094,0,5,1,0,273,1176,449,3398,103,52,0.0,4.0,0.0,0.0,0.0,0.0,0.0,0.0,0.0,0.0,31.0,14.0,0.0,0.0,0.0,13.0,0.0,23.0,0.0,0.0,0.0,0.0,0.0,0.0,0.0,0.0,71.0,0.0,0.0,14.0,0.0,0.0,0.0,2.0,0.0,0.0,0.0,2739.0,155,2053,103.0,1881,172.0,8.0,6391.369353
96,b,3.0,4,3.0,4,3.0,4.0,3,3,4,3.0,4,4.0,3.0,4,4,3,3.0,2,4,4,3,3,4,4.0,3.0,3.0,4,4,3,4.0,4,4,3,4,3,4,4,4,3,3,3,4,3,5,4,4,3,5,4,4,5,3,4,3,4,3,5,3,3,4,3,4,3,4,4,3,4,4,3,4,2,3,4,3,3,4,3,4,3,3.0,2,2,3,3.0,4,5,2,3.0,5,4,3.0,1,3,4.0,5.0,4.0,5.0,5.0,4,3,4,5.0,4,5.0,3,4.0,5.0,4.0,5.0,2,3,3,3,1,5,4,1,2,1.0,4,1,3,1,1,1,5,2,1,2,1,434,35,101,0,1,10,4,108,0,1,63,4,7,0,7,1495,4,147,0,2,584,0,0,0,2,188,1051,317,1846,57,32,0.0,9.0,0.0,0.0,0.0,0.0,0.0,0.0,0.0,3.0,0.0,7.0,0.0,0.0,0.0,0.0,0.0,21.0,0.0,0.0,0.0,0.0,0.0,0.0,0.0,0.0,63.0,0.0,0.0,14.0,0.0,0.0,0.0,0.0,0.0,0.0,0.0,326616.0,89,1645,57.0,1528,117.0,6.0,8214.77474
86,c,4.0,4,4.0,4,4.0,4.0,4,4,4,4.0,3,5.0,4.0,5,4,5,5.0,4,4,3,5,5,5,3.0,4.0,4.0,4,5,4,4.0,5,4,3,5,4,2,2,2,2,3,3,3,5,3,3,2,1,2,2,5,3,2,4,5,2,1,3,2,5,5,3,5,4,5,3,3,2,3,5,5,4,1,3,5,5,3,3,1,2,4.0,3,5,5,3.0,4,4,4,4.0,4,4,4.0,4,4,4.0,4.0,4.0,4.0,4.0,4,4,4,5.0,5,4.0,3,5.0,4.0,3.0,5.0,4,5,2,5,5,4,5,1,3,2.0,5,1,5,2,4,1,4,5,5,5,2,275,22,0,0,0,62,0,256,0,2,11,0,0,0,2,3118,0,292,0,4,1205,0,0,0,0,339,976,368,3052,162,43,0.0,0.0,0.0,0.0,0.0,0.0,0.0,0.0,0.0,0.0,17.0,0.0,0.0,0.0,0.0,7.0,0.0,16.0,0.0,0.0,0.0,0.0,0.0,0.0,0.0,0.0,79.0,0.0,0.0,9.0,0.0,0.0,0.0,0.0,0.0,0.0,0.0,4080.0,205,1888,162.0,1760,128.0,5.0,6858.37135
85,c,4.0,4,4.0,4,3.0,3.0,4,1,4,4.0,4,4.0,4.0,4,4,4,5.0,4,3,3,4,2,3,3.0,3.0,3.0,1,4,1,2.0,3,4,4,4,3,4,3,4,2,4,2,3,4,3,3,3,3,4,4,4,2,3,5,2,5,2,3,2,3,4,3,4,4,5,2,2,4,4,3,4,4,1,4,5,4,1,1,2,2,4.0,5,4,4,5.0,3,3,5,5.0,4,5,5.0,5,5,3.0,4.0,4.0,4.0,4.0,2,3,4,3.0,4,4.0,3,2.0,5.0,5.0,5.0,5,5,4,2,5,3,5,4,2,3.0,5,2,4,3,3,3,5,4,5,5,0,142,21,0,0,0,17,0,209,0,0,0,0,2,0,6,3499,2,307,0,4,1405,0,0,0,0,142,450,212,2067,81,53,0.0,22.0,0.0,0.0,0.0,0.0,0.0,0.0,0.0,0.0,4.0,1.0,0.0,0.0,0.0,0.0,0.0,8.0,0.0,0.0,0.0,0.0,0.0,0.0,0.0,0.0,56.0,0.0,0.0,22.0,0.0,0.0,0.0,1.0,0.0,0.0,0.0,6808.0,134,938,81.0,824,114.0,7.0,2415.435064
74,c,4.0,4,5.0,4,4.0,4.0,3,2,3,4.0,4,4.0,4.0,4,3,3,3.0,2,2,3,3,3,2,3.0,3.0,3.0,3,3,3,3.0,2,4,4,2,2,2,2,3,2,4,2,2,1,1,3,1,3,3,3,4,2,4,4,4,3,1,3,1,2,3,3,4,3,4,3,4,3,3,4,4,4,1,4,5,3,1,1,1,1,3.0,4,4,4,4.0,4,4,4,4.0,4,2,4.0,4,2,2.0,3.0,3.0,2.0,4.0,2,2,4,4.0,4,2.0,3,3.0,3.0,4.0,4.0,2,4,4,3,1,4,5,2,1,2.0,5,2,4,1,1,1,5,4,4,3,1,310,22,0,0,0,11,0,197,0,1,0,0,1,0,6,2912,1,248,0,1,1061,0,0,0,0,228,1939,325,5945,108,60,0.0,6.0,0.0,0.0,0.0,0.0,0.0,0.0,0.0,0.0,50.0,21.0,0.0,0.0,0.0,0.0,0.0,21.0,0.0,0.0,0.0,12.0,0.0,0.0,0.0,0.0,191.0,0.0,0.0,24.0,0.0,3.0,0.0,4.0,0.0,0.0,0.0,3851.0,168,2660,108.0,2328,332.0,9.0,12462.056928
90,c,4.0,4,4.0,4,3.0,3.0,3,3,4,4.0,4,4.0,4.0,4,5,5,5.0,4,4,5,5,5,4,4.0,4.0,4.0,2,2,3,3.0,3,4,4,2,3,4,4,4,2,4,3,3,4,5,5,4,4,4,4,5,4,3,4,3,4,4,3,2,4,5,4,5,3,5,5,4,3,4,5,5,3,1,4,3,2,1,1,1,3,4.0,4,5,4,4.0,4,3,3,3.0,3,4,4.0,3,4,3.0,4.0,3.0,4.0,3.0,3,2,3,4.0,3,2.0,3,2.0,3.0,5.0,3.0,3,3,2,3,3,5,4,3,2,2.0,3,3,3,5,4,3,4,3,3,3,12,460,28,0,0,14,43,0,147,0,3,25,0,2,0,0,2364,1,186,0,1,1083,0,0,0,0,175,191,254,781,49,27,0.0,2.0,0.0,0.0,0.0,0.0,0.0,0.0,0.0,0.0,3.0,0.0,0.0,0.0,0.0,1.0,0.0,3.0,0.0,0.0,0.0,0.0,0.0,0.0,0.0,0.0,15.0,1.0,0.0,6.0,0.0,0.0,0.0,0.0,0.0,0.0,0.0,1588.0,76,696,49.0,665,31.0,7.0,1073.387338
80,c,3.0,4,5.0,5,5.0,1.0,5,2,3,4.0,3,5.0,5.0,5,5,5,5.0,5,5,3,5,3,5,5.0,4.0,5.0,1,1,1,1.0,1,3,4,1,1,3,2,2,2,2,1,3,2,3,3,2,2,5,5,3,1,1,5,3,4,1,3,2,4,3,4,5,3,5,4,3,3,5,5,5,1,1,4,5,5,1,1,1,5,2.0,2,3,3,4.0,3,3,3,2.0,3,2,4.0,1,1,3.0,4.0,4.0,3.0,4.0,5,3,4,5.0,2,3.0,3,2.0,2.0,4.0,3.0,3,1,3,4,1,4,4,5,1,2.0,4,1,3,2,4,1,5,1,5,5,2,185,31,54,0,0,27,0,117,0,2,41,0,0,0,0,1906,0,152,0,7,906,0,6,2,0,222,941,325,2868,58,45,0.0,10.0,0.0,0.0,0.0,0.0,0.0,0.0,0.0,0.0,13.0,7.0,0.0,0.0,0.0,7.0,0.0,23.0,0.0,0.0,0.0,0.0,0.0,0.0,0.0,0.0,89.0,0.0,0.0,20.0,0.0,0.0,0.0,0.0,0.0,0.0,0.0,3765.0,103,1591,58.0,1422,169.0,7.0,6106.618518
82,c,3.0,3,3.0,3,3.0,3.0,3,3,3,3.0,3,3.0,3.0,3,3,3,4.0,4,1,1,1,1,1,1.0,1.0,1.0,4,4,4,4.0,4,4,3,4,2,2,2,2,3,2,3,2,3,4,3,4,3,3,2,2,4,4,2,2,3,2,4,2,3,3,4,4,4,4,3,3,3,2,2,3,4,4,3,2,3,3,3,3,3,3.0,3,3,3,3.0,3,3,3,3.0,3,3,3.0,3,3,2.0,2.0,2.0,2.0,2.0,2,2,2,2.0,2,2.0,2,2.0,2.0,2.0,2.0,2,2,2,2,2,2,2,2,2,2.0,2,2,2,2,2,2,2,2,2,2,6,389,24,0,0,0,26,0,170,0,3,2,0,0,0,0,2850,0,225,0,15,1412,0,0,0,0,89,403,127,1651,34,25,0.0,0.0,0.0,0.0,0.0,0.0,0.0,0.0,0.0,0.0,6.0,0.0,0.0,0.0,1.0,1.0,0.0,8.0,0.0,0.0,0.0,0.0,0.0,0.0,0.0,0.0,81.0,0.0,0.0,6.0,0.0,2.0,0.0,0.0,0.0,0.0,0.0,2637.0,59,678,34.0,573,105.0,7.0,1582.243622
93,c,4.0,5,5.0,3,4.0,3.0,5,3,5,5.0,5,5.0,5.0,5,5,5,5.0,5,4,3,5,3,3,4.0,4.0,4.0,4,5,3,4.0,4,4,4,4,3,1,1,4,4,5,1,4,3,4,5,3,5,5,4,4,2,2,5,3,2,3,3,4,5,5,4,5,5,4,5,5,5,5,5,5,5,2,4,4,5,3,2,1,4,4.0,4,4,4,5.0,4,4,4,5.0,3,5,5.0,5,5,2.0,5.0,4.0,5.0,5.0,1,2,4,4.0,3,3.0,4,1.0,5.0,5.0,5.0,5,5,5,1,3,5,5,1,1,1.0,2,1,2,4,3,4,5,4,4,4,3,416,38,2,0,0,57,0,288,0,0,13,5,34,0,0,4142,1,339,0,1,1502,0,0,0,0,525,1279,737,4858,114,59,0.0,3.0,0.0,0.0,0.0,0.0,0.0,0.0,0.0,0.0,19.0,35.0,0.0,0.0,0.0,1.0,0.0,12.0,0.0,0.0,0.0,0.0,0.0,0.0,0.0,0.0,42.0,0.0,0.0,15.0,0.0,1.0,0.0,4.0,0.0,0.0,0.0,7207.0,173,2714,114.0,2582,132.0,9.0,7770.152014
82,c,4.0,5,5.0,4,3.0,1.0,3,3,5,5.0,5,5.0,5.0,5,4,4,5.0,2,3,5,5,5,3,3.0,5.0,5.0,1,4,1,1.0,1,5,5,5,5,3,4,3,3,3,4,4,5,5,5,4,5,5,5,5,4,4,5,5,5,4,4,3,5,5,5,5,3,3,5,5,5,5,5,5,3,2,3,4,3,2,5,3,3,3.0,3,5,5,5.0,5,5,4,5.0,5,3,5.0,2,4,5.0,5.0,5.0,5.0,5.0,4,3,3,4.0,3,3.0,4,1.0,2.0,5.0,2.0,2,5,5,5,3,3,3,2,1,2.0,5,1,2,1,1,1,4,4,5,5,0,0,24,0,0,0,5,1,77,0,0,0,1,0,0,0,1576,0,136,0,5,648,0,0,0,0,60,387,104,1162,16,10,0.0,6.0,0.0,0.0,0.0,0.0,0.0,0.0,0.0,0.0,9.0,11.0,0.0,0.0,0.0,2.0,0.0,1.0,0.0,0.0,0.0,0.0,0.0,0.0,0.0,0.0,23.0,1.0,0.0,3.0,0.0,4.0,0.0,5.0,0.0,0.0,0.0,3179.0,26,577,16.0,512,65.0,10.0,3090.580591
82,c,4.0,4,5.0,2,3.0,2.0,4,3,5,5.0,4,5.0,4.0,4,4,4,4.0,4,4,3,4,3,3,3.0,3.0,3.0,2,3,3,3.0,3,4,4,2,4,4,3,2,4,3,1,2,3,2,3,2,3,4,3,3,3,2,4,4,3,1,1,2,3,4,2,3,2,3,2,4,3,4,4,3,4,1,2,4,3,1,2,1,2,5.0,4,5,4,3.0,3,3,5,3.0,3,4,5.0,4,4,3.0,4.0,4.0,4.0,4.0,3,2,4,4.0,2,2.0,2,1.0,3.0,4.0,4.0,4,4,4,4,4,4,4,2,1,1.0,1,2,3,4,4,2,4,3,4,4,45,161,20,0,0,207,94,0,145,0,2,7,1,0,0,0,1659,0,161,0,11,642,0,0,0,0,213,387,234,2855,95,39,0.0,0.0,0.0,0.0,0.0,0.0,0.0,0.0,0.0,0.0,15.0,0.0,0.0,0.0,0.0,5.0,0.0,2.0,0.0,0.0,0.0,0.0,0.0,0.0,0.0,0.0,34.0,0.0,0.0,3.0,0.0,0.0,0.0,0.0,0.0,0.0,0.0,1899.0,134,968,95.0,909,59.0,5.0,1485.405787
85,c,5.0,4,5.0,4,5.0,2.0,4,3,4,5.0,5,5.0,5.0,5,4,5,5.0,4,4,3,4,4,4,4.0,3.0,4.0,1,2,1,1.0,1,3,3,2,3,4,2,3,2,3,2,3,3,4,4,2,3,3,4,4,3,2,4,4,4,2,2,2,2,3,3,4,4,3,3,3,3,4,4,4,2,2,4,4,2,2,1,1,2,5.0,5,3,5,5.0,3,4,4,5.0,4,5,4.0,3,4,3.0,3.0,4.0,4.0,4.0,3,3,4,4.0,5,3.0,4,2.0,4.0,4.0,4.0,5,5,4,3,4,5,5,1,1,1.0,4,2,4,5,3,2,4,4,5,4,1,416,37,0,0,0,25,0,228,0,0,28,2,2,0,0,4269,0,352,0,6,1591,0,0,0,0,344,864,430,4578,182,88,0.0,2.0,0.0,0.0,0.0,0.0,0.0,0.0,0.0,0.0,0.0,6.0,0.0,0.0,0.0,1.0,0.0,14.0,0.0,0.0,0.0,0.0,0.0,0.0,0.0,0.0,41.0,0.0,0.0,10.0,0.0,1.0,0.0,0.0,0.0,0.0,0.0,4672.0,270,1908,182.0,1833,75.0,7.0,4683.088263
87,c,5.0,5,5.0,5,5.0,5.0,5,5,5,5.0,5,5.0,5.0,5,5,5,5.0,5,4,4,5,4,4,5.0,4.0,4.0,3,4,4,4.0,3,3,4,2,3,3,3,3,3,3,2,1,1,1,1,1,3,3,3,3,2,2,4,2,2,3,1,1,2,3,3,4,4,2,2,2,3,3,4,4,4,1,1,3,4,1,1,1,2,5.0,5,5,5,5.0,5,5,5,5.0,5,5,5.0,5,5,5.0,5.0,5.0,5.0,5.0,4,4,5,4.0,4,4.0,4,4.0,5.0,4.0,4.0,4,4,3,4,4,4,4,4,4,4.0,4,4,4,3,3,3,4,4,4,4,3,121,20,0,0,0,27,0,195,0,1,24,2,1,0,0,2932,4,235,0,3,1033,0,0,0,0,117,812,189,3723,112,48,0.0,6.0,0.0,0.0,0.0,0.0,0.0,0.0,0.0,0.0,28.0,0.0,0.0,0.0,0.0,0.0,1.0,22.0,0.0,0.0,0.0,0.0,0.0,0.0,0.0,0.0,96.0,0.0,0.0,12.0,0.0,0.0,0.0,2.0,0.0,0.0,0.0,2617.0,160,1278,112.0,1111,167.0,7.0,4512.324929
81,c,5.0,5,5.0,5,5.0,5.0,4,5,5,5.0,5,5.0,5.0,5,5,5,5.0,5,5,5,5,5,5,5.0,5.0,5.0,1,3,1,1.0,5,5,4,5,4,3,4,5,3,5,4,5,5,3,5,5,5,5,5,5,5,4,5,5,3,2,2,4,5,5,3,5,5,2,4,5,5,5,5,5,3,2,4,5,4,3,5,2,3,5.0,5,5,5,5.0,5,5,5,5.0,5,5,5.0,5,5,5.0,5.0,5.0,5.0,5.0,5,5,5,5.0,5,5.0,4,2.0,5.0,5.0,5.0,5,5,5,5,5,5,5,1,1,5.0,5,3,4,5,5,5,5,5,5,5,4,35,26,1,0,0,14,0,216,0,4,7,1,1,0,12,3017,0,261,0,1,706,0,0,0,1,207,1036,306,3448,85,37,0.0,0.0,0.0,0.0,0.0,0.0,0.0,0.0,1.0,0.0,47.0,4.0,0.0,0.0,0.0,3.0,0.0,7.0,0.0,0.0,0.0,0.0,0.0,0.0,0.0,0.0,107.0,0.0,0.0,6.0,0.0,0.0,0.0,2.0,0.0,0.0,2.0,3274.0,122,1671,85.0,1492,179.0,9.0,6202.707317
81,c,3.0,3,4.0,3,4.0,3.0,4,3,3,4.0,3,4.0,3.0,4,4,4,4.0,4,4,3,4,3,4,4.0,3.0,4.0,3,3,3,3.0,3,4,4,4,3,4,4,3,4,4,3,3,3,3,3,3,3,4,3,3,3,4,3,4,3,3,3,3,3,4,3,3,3,3,3,3,4,3,3,3,3,3,3,4,3,3,3,3,3,4.0,4,4,4,4.0,4,4,3,4.0,3,4,4.0,3,4,3.0,4.0,3.0,3.0,3.0,2,3,3,3.0,3,3.0,4,3.0,3.0,4.0,3.0,3,4,4,3,3,4,5,3,1,2.0,3,2,4,4,4,4,3,3,4,4,1,154,24,0,0,0,104,0,305,0,1,15,1,12,0,0,5209,5,356,0,0,2808,0,0,0,0,127,415,152,1791,85,48,0.0,0.0,0.0,0.0,0.0,0.0,0.0,0.0,0.0,0.0,2.0,0.0,0.0,0.0,0.0,0.0,0.0,7.0,0.0,0.0,0.0,0.0,0.0,0.0,0.0,0.0,35.0,2.0,0.0,1.0,0.0,0.0,0.0,0.0,0.0,0.0,0.0,2033.0,133,827,85.0,780,47.0,5.0,1256.613454
67,c,4.0,4,5.0,5,3.0,3.0,4,3,4,5.0,4,5.0,4.0,5,4,4,4.0,4,3,3,5,3,4,4.0,3.0,3.0,3,4,2,2.0,4,4,3,3,4,2,3,3,4,3,2,2,3,4,3,3,4,4,5,5,2,4,5,4,3,2,2,4,3,5,4,5,4,4,3,5,4,4,4,5,3,1,3,5,5,2,1,3,3,4.0,3,5,4,4.0,3,4,5,4.0,3,5,5.0,4,5,3.0,5.0,4.0,4.0,4.0,2,4,5,3.0,3,5.0,5,2.0,4.0,5.0,5.0,3,5,4,3,4,4,5,4,2,2.0,4,3,4,3,5,4,2,4,5,5,0,133,21,0,0,0,82,0,123,0,0,1,0,0,0,0,2395,0,167,0,0,1025,0,0,0,0,151,135,197,1351,31,20,0.0,0.0,0.0,0.0,0.0,0.0,0.0,0.0,0.0,0.0,8.0,0.0,0.0,0.0,0.0,0.0,0.0,4.0,0.0,0.0,0.0,0.0,0.0,0.0,0.0,0.0,18.0,0.0,0.0,1.0,0.0,0.0,0.0,1.0,0.0,0.0,0.0,1371.0,51,534,31.0,502,32.0,5.0,262.123451
89,c,4.0,4,4.0,3,3.0,3.0,5,3,4,5.0,4,4.0,4.0,4,4,4,4.0,4,4,4,4,4,4,4.0,3.0,4.0,2,4,3,2.0,3,4,4,2,2,5,2,3,2,4,3,2,3,4,4,3,4,4,4,4,3,2,5,4,3,1,4,2,3,4,4,5,4,5,3,4,4,4,4,4,2,1,3,4,4,4,2,2,3,4.0,4,4,4,4.0,4,4,4,4.0,4,4,4.0,4,4,4.0,4.0,4.0,4.0,4.0,2,3,4,4.0,4,3.0,4,2.0,4.0,4.0,4.0,4,4,4,2,4,4,5,2,1,1.0,4,2,4,4,5,4,5,3,4,5,0,61,18,0,0,0,11,0,141,0,0,7,0,0,0,0,2351,0,201,0,1,816,0,0,0,0,147,672,282,2739,59,29,0.0,1.0,0.0,0.0,0.0,0.0,0.0,0.0,0.0,0.0,7.0,7.0,0.0,0.0,0.0,2.0,0.0,9.0,0.0,0.0,0.0,0.0,0.0,0.0,0.0,0.0,71.0,0.0,0.0,16.0,0.0,1.0,0.0,2.0,0.0,0.0,0.0,1664.0,88,1189,59.0,1073,116.0,9.0,4105.532072
79,c,4.0,4,5.0,3,3.0,3.0,3,3,4,4.0,4,5.0,4.0,4,4,4,4.0,4,4,3,4,4,4,4.0,4.0,4.0,2,4,3,3.0,2,4,5,4,4,1,2,3,2,4,2,2,3,1,3,1,2,1,1,4,1,1,4,3,3,2,2,1,4,4,4,3,3,2,2,3,4,4,4,3,4,1,1,1,1,1,1,1,1,4.0,3,4,3,5.0,4,4,2,3.0,4,3,5.0,1,3,3.0,4.0,3.0,4.0,4.0,3,3,4,4.0,2,4.0,3,1.0,3.0,4.0,3.0,1,3,3,2,4,4,4,1,1,2.0,4,3,2,3,2,2,4,1,4,3,0,94,20,9,0,0,4,0,116,0,0,4,1,2,0,0,1504,0,156,0,0,421,0,0,0,0,237,999,248,2668,110,56,0.0,2.0,0.0,0.0,0.0,0.0,0.0,0.0,0.0,0.0,15.0,22.0,0.0,0.0,0.0,0.0,0.0,11.0,0.0,0.0,0.0,0.0,0.0,0.0,0.0,0.0,82.0,0.0,0.0,35.0,0.0,0.0,0.0,9.0,0.0,0.0,0.0,1717.0,166,1650,110.0,1474,176.0,7.0,6400.227767
94,c,5.0,3,4.0,3,5.0,4.0,4,3,5,5.0,5,5.0,5.0,5,5,5,5.0,5,5,5,5,5,5,5.0,5.0,5.0,2,3,1,1.0,1,4,4,3,1,3,1,4,3,4,3,2,2,3,3,2,3,4,4,4,4,4,4,4,4,3,3,4,4,5,5,4,4,4,4,4,4,4,3,4,1,1,5,4,4,2,1,1,4,5.0,4,4,4,5.0,5,5,4,4.0,4,4,4.0,3,4,4.0,4.0,4.0,4.0,4.0,5,4,3,4.0,3,3.0,4,2.0,4.0,4.0,4.0,4,4,3,4,3,4,4,2,2,1.0,1,1,5,3,1,1,5,5,5,5,4,117,38,9,0,1,35,0,101,0,4,3,4,20,0,0,2038,4,181,0,7,849,0,0,0,3,476,1956,790,6866,287,114,0.0,27.0,0.0,0.0,0.0,0.0,0.0,11.0,0.0,0.0,49.0,49.0,0.0,0.0,10.0,16.0,4.0,87.0,0.0,0.0,0.0,0.0,0.0,1.0,0.0,0.0,139.0,7.0,0.0,21.0,0.0,5.0,0.0,27.0,0.0,0.0,1.0,19366.0,401,3623,287.0,3169,454.0,15.0,10600.34968
88,c,4.0,5,4.0,4,4.0,3.0,4,3,4,4.0,4,5.0,4.0,3,5,3,4.0,3,4,4,5,4,4,4.0,4.0,5.0,3,4,2,1.0,2,4,4,2,3,4,2,3,2,3,2,3,4,1,4,3,4,4,4,5,3,2,4,5,4,2,3,2,4,5,5,4,4,5,4,3,4,3,4,5,2,1,3,4,5,2,1,4,4,4.0,3,4,3,4.0,4,5,2,4.0,4,4,4.0,3,4,2.0,4.0,4.0,4.0,4.0,2,2,4,4.0,4,2.0,2,2.0,4.0,4.0,3.0,3,4,3,3,4,4,2,2,2,1.0,3,2,3,4,4,4,4,2,4,4,1,169,23,0,0,0,20,0,92,0,1,21,2,1,0,0,1657,1,121,0,35,685,0,0,0,0,197,458,306,2203,39,25,0.0,8.0,0.0,0.0,0.0,0.0,0.0,0.0,0.0,0.0,11.0,2.0,0.0,0.0,0.0,0.0,0.0,8.0,0.0,0.0,0.0,0.0,0.0,0.0,0.0,0.0,34.0,0.0,0.0,16.0,0.0,0.0,0.0,7.0,0.0,0.0,0.0,4370.0,64,1025,39.0,939,86.0,7.0,2700.880668
87,c,5.0,5,5.0,5,5.0,4.0,5,4,5,5.0,5,5.0,5.0,5,5,5,5.0,5,5,5,5,5,5,5.0,5.0,5.0,2,4,5,4.0,4,5,4,4,3,2,4,4,3,4,2,3,4,4,5,3,4,5,5,5,4,5,5,4,5,5,3,4,5,5,4,5,5,2,5,4,5,4,5,5,5,1,4,4,1,1,1,1,4,5.0,4,5,5,5.0,5,5,5,5.0,5,3,5.0,3,5,5.0,5.0,5.0,5.0,5.0,2,3,5,5.0,4,4.0,5,1.0,3.0,5.0,4.0,5,5,5,2,4,5,5,2,2,2.0,5,1,5,2,1,1,5,5,5,3,0,26,25,95,0,0,14,2,144,1,0,0,0,1,0,0,1306,0,196,0,116,312,0,0,0,1,94,217,120,1180,70,26,0.0,3.0,0.0,0.0,0.0,0.0,0.0,0.0,0.0,0.0,2.0,0.0,0.0,0.0,0.0,0.0,0.0,3.0,0.0,0.0,0.0,0.0,0.0,0.0,0.0,0.0,25.0,0.0,0.0,7.0,0.0,0.0,0.0,0.0,0.0,0.0,0.0,1459.0,96,527,70.0,487,40.0,5.0,997.484948
80,c,5.0,5,5.0,5,4.0,3.0,4,2,5,4.0,5,5.0,5.0,5,5,5,5.0,5,5,5,5,5,5,4.0,5.0,5.0,4,2,3,4.0,5,4,5,2,1,1,3,3,1,3,2,2,4,2,5,1,1,4,4,4,4,2,5,5,4,4,2,2,4,3,3,5,4,5,3,3,4,3,5,5,4,1,3,4,4,1,1,1,2,4.0,3,4,4,5.0,3,5,3,4.0,4,3,3.0,4,3,1.0,3.0,3.0,4.0,4.0,2,3,3,3.0,2,3.0,2,1.0,2.0,5.0,3.0,3,5,5,5,5,5,5,2,1,1.0,3,1,3,3,3,3,2,2,4,4,1,132,19,0,0,0,46,0,122,1,1,15,1,5,0,0,3757,3,282,0,4,1763,0,0,0,0,621,1530,895,4422,109,67,0.0,0.0,0.0,0.0,0.0,0.0,0.0,0.0,0.0,0.0,19.0,8.0,0.0,0.0,1.0,8.0,0.0,22.0,0.0,0.0,0.0,0.0,0.0,0.0,0.0,0.0,130.0,0.0,0.0,57.0,0.0,0.0,0.0,4.0,0.0,0.0,5.0,6630.0,176,3222,109.0,2968,254.0,9.0,10924.001259
74,c,4.0,3,3.0,3,4.0,4.0,4,3,3,3.0,3,3.0,3.0,3,4,4,3.0,3,3,3,2,2,2,3.0,2.0,3.0,4,4,4,4.0,4,4,3,4,2,2,3,3,4,3,2,2,3,2,3,2,4,4,4,4,3,3,3,4,2,2,2,2,3,4,4,4,3,4,3,3,4,2,3,4,4,2,2,4,4,2,1,3,2,3.0,3,3,3,2.0,2,2,3,3.0,2,3,3.0,3,3,3.0,4.0,3.0,2.0,2.0,3,2,3,3.0,2,3.0,3,3.0,3.0,4.0,2.0,2,4,3,3,3,3,4,2,2,3.0,4,3,3,2,3,3,4,4,4,4,0,60,18,15,0,0,11,0,75,0,0,5,0,0,0,4,1599,0,125,0,43,643,0,0,0,15,235,597,357,2712,89,40,0.0,2.0,0.0,0.0,0.0,0.0,0.0,0.0,0.0,0.0,10.0,6.0,0.0,0.0,0.0,0.0,0.0,9.0,0.0,0.0,0.0,0.0,0.0,0.0,0.0,0.0,42.0,0.0,0.0,18.0,0.0,1.0,0.0,2.0,0.0,0.0,0.0,3547.0,129,1318,89.0,1228,90.0,8.0,2978.453736
80,c,5.0,5,5.0,4,4.0,4.0,4,5,5,5.0,5,5.0,5.0,5,5,4,5.0,5,4,5,5,5,5,5.0,5.0,5.0,1,5,2,1.0,1,5,4,3,3,3,3,3,2,3,1,1,4,1,3,3,1,3,2,3,1,4,4,4,4,2,2,2,3,4,3,3,3,3,3,3,3,4,4,4,1,2,2,4,4,2,2,2,3,4.0,4,4,3,5.0,4,5,4,4.0,5,5,5.0,3,5,4.0,4.0,4.0,4.0,4.0,3,3,5,4.0,4,4.0,5,2.0,3.0,5.0,3.0,3,4,4,3,5,5,5,1,1,1.0,5,3,5,4,5,4,4,5,5,5,1,271,19,2,0,0,14,0,133,0,1,19,2,0,0,2,2982,1,258,0,0,1173,0,0,0,0,253,928,446,2923,149,49,0.0,2.0,0.0,0.0,0.0,0.0,0.0,0.0,0.0,0.0,10.0,4.0,0.0,0.0,0.0,1.0,0.0,20.0,0.0,0.0,0.0,0.0,0.0,0.0,0.0,0.0,81.0,0.0,0.0,19.0,0.0,2.0,0.0,3.0,0.0,0.0,0.0,2543.0,198,1825,149.0,1683,142.0,9.0,5921.509489
94,c,4.0,3,5.0,3,5.0,5.0,5,3,4,5.0,5,5.0,5.0,5,5,5,5.0,5,5,4,5,5,5,5.0,4.0,5.0,1,2,1,1.0,1,4,2,2,3,3,1,2,4,2,3,3,3,2,3,1,2,4,4,3,2,1,4,4,3,2,2,1,3,3,2,2,2,3,2,1,4,2,3,4,4,1,4,5,4,3,4,1,2,5.0,4,5,5,3.0,3,4,2,4.0,5,5,5.0,1,4,2.0,4.0,3.0,4.0,4.0,5,3,5,4.0,5,2.0,4,1.0,4.0,4.0,5.0,4,4,4,2,5,4,4,4,1,3.0,3,2,3,5,5,5,4,4,5,4,1,352,13,0,0,0,1,0,199,0,1,0,1,2,0,0,3268,1,324,0,55,1238,0,0,0,0,439,526,564,2506,190,54,0.0,0.0,0.0,0.0,0.0,0.0,0.0,0.0,0.0,0.0,6.0,1.0,0.0,0.0,1.0,1.0,0.0,4.0,0.0,0.0,0.0,0.0,0.0,0.0,0.0,0.0,68.0,0.0,0.0,8.0,0.0,0.0,0.0,0.0,0.0,0.0,0.0,5547.0,244,1773,190.0,1684,89.0,7.0,2891.552132
97,c,4.0,4,4.0,4,3.0,4.0,5,3,5,5.0,5,5.0,4.0,4,4,4,5.0,5,4,4,4,4,5,5.0,3.0,4.0,1,2,2,2.0,1,4,4,2,2,2,3,2,3,4,1,2,3,3,3,2,2,4,3,3,3,2,4,4,2,4,3,1,4,3,3,3,4,4,4,4,4,4,5,5,3,1,4,5,5,2,4,2,2,4.0,3,3,4,3.0,5,5,5,3.0,5,5,5.0,4,4,4.0,4.0,3.0,4.0,4.0,3,3,4,3.0,4,3.0,4,2.0,3.0,4.0,4.0,3,4,4,2,4,4,4,2,4,3.0,4,2,4,4,4,2,4,4,4,4,1,237,20,191,0,0,11,7,154,0,1,0,0,1,0,1,2079,0,207,0,67,585,0,0,0,12,148,385,158,2105,131,40,0.0,12.0,0.0,0.0,0.0,0.0,0.0,0.0,0.0,0.0,1.0,1.0,0.0,0.0,1.0,0.0,2.0,11.0,0.0,0.0,0.0,0.0,0.0,0.0,0.0,0.0,36.0,0.0,0.0,7.0,0.0,0.0,0.0,2.0,0.0,0.0,0.0,861.0,171,862,131.0,789,73.0,9.0,1875.749999
89,c,3.0,3,3.0,3,4.0,4.0,4,3,4,4.0,3,4.0,3.0,4,4,3,4.0,3,4,4,4,4,3,3.0,3.0,4.0,2,3,3,3.0,4,4,3,3,4,4,5,3,2,3,3,4,4,4,3,3,4,4,4,3,3,2,3,4,3,4,3,4,4,4,3,3,3,4,3,3,4,3,3,4,3,1,3,3,2,3,4,2,3,4.0,4,5,4,5.0,4,4,5,5.0,4,4,5.0,3,4,3.0,4.0,4.0,4.0,4.0,3,3,4,4.0,3,4.0,4,1.0,4.0,4.0,3.0,4,4,4,2,4,4,4,2,2,2.0,3,1,4,3,2,2,5,4,4,4,0,145,17,0,0,0,24,0,102,0,0,0,0,1,0,0,1579,0,132,0,23,617,0,0,0,0,70,106,151,797,43,18,0.0,0.0,0.0,0.0,0.0,0.0,0.0,0.0,0.0,0.0,1.0,0.0,0.0,0.0,0.0,0.0,0.0,5.0,0.0,0.0,0.0,0.0,0.0,0.0,0.0,0.0,5.0,0.0,0.0,0.0,0.0,0.0,0.0,0.0,0.0,0.0,0.0,2600.0,61,388,43.0,377,11.0,3.0,226.625465
94,c,4.0,3,5.0,4,4.0,3.0,5,2,5,4.0,4,4.0,3.0,4,4,4,5.0,4,4,4,5,4,3,4.0,4.0,4.0,1,4,2,3.0,1,4,4,2,4,3,2,5,1,4,2,4,3,3,1,2,4,4,2,4,2,4,4,3,3,3,2,2,1,3,3,4,2,2,1,2,4,3,4,4,1,1,1,4,2,2,3,1,1,4.0,5,5,3,4.0,3,4,3,4.0,3,5,5.0,3,4,2.0,4.0,4.0,3.0,4.0,3,2,4,4.0,2,4.0,3,2.0,3.0,4.0,2.0,2,2,2,3,2,4,5,2,2,2.0,3,2,3,1,1,1,4,2,2,2,3,263,22,0,0,0,56,0,168,0,3,16,0,0,0,0,2417,0,187,0,39,982,0,0,0,0,191,597,280,2396,88,40,0.0,3.0,0.0,0.0,0.0,0.0,0.0,0.0,0.0,0.0,25.0,2.0,0.0,0.0,0.0,0.0,0.0,6.0,0.0,0.0,0.0,0.0,0.0,0.0,0.0,0.0,48.0,0.0,0.0,10.0,0.0,3.0,0.0,4.0,0.0,0.0,0.0,3396.0,128,1196,88.0,1095,101.0,8.0,3740.937971
81,c,4.0,3,4.0,3,3.0,4.0,3,3,4,3.0,4,5.0,3.0,3,3,3,3.0,3,2,3,4,3,3,2.0,3.0,3.0,3,2,3,2.0,3,5,3,4,3,4,4,3,3,3,1,1,4,1,3,1,4,4,4,5,4,4,4,3,4,3,2,3,4,4,2,2,4,3,2,4,4,3,4,4,3,2,3,4,5,1,1,1,1,4.0,4,4,4,5.0,2,2,2,4.0,2,5,5.0,4,4,3.0,4.0,3.0,5.0,4.0,3,2,4,3.0,1,3.0,3,3.0,3.0,4.0,2.0,3,4,3,3,4,4,3,3,2,3.0,4,3,2,1,5,4,4,1,5,5,1,221,16,0,0,0,30,0,117,0,1,0,0,1,0,0,2004,0,158,0,43,776,0,0,0,0,269,628,275,1787,69,42,0.0,2.0,0.0,0.0,0.0,0.0,0.0,0.0,0.0,0.0,16.0,15.0,0.0,0.0,0.0,1.0,0.0,15.0,0.0,0.0,0.0,0.0,0.0,0.0,0.0,0.0,74.0,0.0,0.0,7.0,0.0,3.0,0.0,0.0,0.0,0.0,0.0,2108.0,111,1283,69.0,1150,133.0,8.0,3877.970541
80,c,3.0,3,4.0,3,3.0,3.0,4,3,3,3.0,3,3.0,3.0,3,3,3,3.0,3,3,3,3,3,3,3.0,3.0,3.0,3,3,3,3.0,3,3,3,3,3,3,3,3,3,3,2,3,3,3,3,3,3,3,3,3,3,3,4,4,4,3,3,3,4,4,3,3,4,4,3,4,4,4,4,4,4,2,3,4,4,3,3,3,3,3.0,3,3,3,4.0,3,3,3,3.0,3,4,4.0,3,4,3.0,3.0,3.0,3.0,3.0,3,3,3,3.0,3,3.0,3,3.0,3.0,3.0,3.0,3,3,3,3,3,3,3,3,2,2.0,3,3,3,2,3,3,3,3,3,2,0,232,21,0,0,0,38,0,285,0,0,16,2,1,0,1,4413,0,332,0,13,1941,0,1,1,0,137,1288,157,3364,87,43,0.0,9.0,0.0,0.0,0.0,0.0,0.0,0.0,0.0,0.0,17.0,1.0,0.0,0.0,1.0,0.0,0.0,20.0,0.0,0.0,0.0,0.0,0.0,0.0,0.0,0.0,99.0,0.0,0.0,26.0,0.0,0.0,0.0,1.0,0.0,0.0,0.0,2665.0,130,1712,87.0,1538,174.0,8.0,7393.506854
64,c,4.0,4,3.0,3,4.0,5.0,5,3,1,3.0,1,5.0,1.0,4,4,1,1.0,1,2,2,3,1,1,2.0,1.0,2.0,3,3,4,4.0,5,3,4,4,2,4,2,2,3,3,1,1,2,2,3,2,4,3,3,2,3,4,3,3,3,3,3,2,4,5,3,4,5,5,4,3,4,3,3,4,3,3,3,4,5,1,1,2,3,4.0,4,4,4,4.0,4,3,4,2.0,4,3,3.0,2,4,3.0,4.0,3.0,3.0,3.0,2,3,4,3.0,2,4.0,4,3.0,3.0,4.0,4.0,4,4,4,5,3,3,5,1,2,1.0,5,2,5,3,3,3,4,2,5,5,2,69,15,0,0,0,0,0,125,2,2,2,0,0,0,0,1942,0,239,0,0,411,0,0,0,0,246,563,308,2903,92,57,0.0,1.0,0.0,0.0,0.0,0.0,0.0,0.0,0.0,0.0,31.0,0.0,0.0,0.0,0.0,0.0,0.0,14.0,0.0,0.0,0.0,0.0,0.0,0.0,0.0,0.0,119.0,0.0,0.0,3.0,0.0,0.0,0.0,0.0,0.0,0.0,0.0,2688.0,149,1266,92.0,1098,168.0,5.0,2962.722837
62,c,4.0,5,3.0,4,3.0,2.0,1,3,4,4.0,3,4.0,3.0,4,4,3,4.0,4,2,2,5,2,2,3.0,4.0,3.0,2,4,4,3.0,3,4,3,5,5,3,4,4,3,2,4,5,2,4,3,4,4,2,4,3,4,4,4,2,4,2,3,5,3,2,3,2,4,4,2,3,4,3,3,3,3,2,4,3,3,3,3,2,4,4.0,4,5,5,5.0,5,5,3,4.0,4,3,3.0,2,3,5.0,5.0,3.0,4.0,4.0,3,2,4,3.0,2,4.0,3,2.0,4.0,4.0,3.0,4,5,4,2,4,4,4,3,2,1.0,4,2,4,2,1,1,5,2,1,1,1,33,10,0,0,0,19,0,184,0,1,9,0,5,0,0,3186,2,230,0,43,1572,0,0,0,0,206,443,271,1473,109,36,0.0,1.0,0.0,0.0,0.0,0.0,0.0,0.0,0.0,0.0,5.0,0.0,0.0,0.0,0.0,0.0,0.0,15.0,0.0,0.0,0.0,0.0,0.0,0.0,0.0,0.0,61.0,0.0,0.0,14.0,0.0,0.0,0.0,1.0,0.0,0.0,0.0,2066.0,145,1065,109.0,968,97.0,6.0,2761.743
85,c,3.0,4,4.0,5,4.0,2.0,3,2,5,5.0,4,5.0,4.0,5,5,5,5.0,3,3,3,4,2,2,2.0,2.0,2.0,3,4,4,2.0,3,4,2,2,4,1,1,4,4,4,1,1,2,1,3,1,4,4,3,4,1,2,4,2,1,2,1,3,3,4,3,5,4,2,3,2,4,2,4,4,4,1,1,4,2,1,1,1,1,4.0,3,4,4,5.0,2,1,2,4.0,4,5,5.0,2,5,2.0,2.0,3.0,4.0,4.0,2,1,1,4.0,4,2.0,4,3.0,4.0,2.0,4.0,3,3,4,1,2,3,5,1,3,2.0,3,3,2,2,2,2,4,3,3,3,2,418,43,0,0,0,25,0,350,0,1,30,0,0,0,0,4744,0,453,0,7,1752,0,0,0,0,503,1302,662,5848,483,95,0.0,0.0,0.0,0.0,0.0,0.0,0.0,0.0,0.0,0.0,76.0,2.0,0.0,0.0,1.0,0.0,0.0,25.0,0.0,0.0,0.0,0.0,0.0,0.0,0.0,0.0,127.0,0.0,0.0,17.0,0.0,2.0,0.0,2.0,0.0,0.0,0.0,4629.0,578,3045,483.0,2793,252.0,8.0,7673.644105
87,c,5.0,5,5.0,4,4.0,3.0,2,4,5,5.0,3,4.0,4.0,4,4,3,4.0,3,3,5,3,4,3,3.0,3.0,3.0,3,2,1,2.0,1,4,2,5,3,2,1,3,4,2,1,1,2,1,2,3,1,3,4,5,2,2,3,3,1,3,1,1,1,4,3,3,2,2,2,3,3,2,4,5,3,1,2,5,2,1,1,1,1,4.0,4,4,4,3.0,5,3,5,5.0,4,5,5.0,2,2,3.0,4.0,4.0,3.0,3.0,1,1,1,4.0,3,2.0,5,1.0,1.0,3.0,2.0,3,5,3,2,2,3,5,3,1,1.0,3,1,3,3,1,1,4,3,5,1,16,468,24,0,0,38,31,0,193,0,3,13,0,2,0,0,2671,0,260,0,96,775,0,32,13,0,170,559,239,2836,67,30,0.0,8.0,0.0,0.0,0.0,0.0,0.0,0.0,0.0,0.0,9.0,3.0,0.0,0.0,2.0,0.0,0.0,13.0,0.0,0.0,0.0,0.0,0.0,0.0,0.0,0.0,36.0,0.0,0.0,15.0,0.0,0.0,0.0,0.0,0.0,0.0,0.0,1968.0,97,1065,67.0,979,86.0,7.0,3375.244817
79,c,3.0,3,3.0,3,4.0,4.0,3,3,4,4.0,3,4.0,3.0,4,3,4,3.0,3,3,2,4,3,3,3.0,3.0,2.0,4,3,4,3.0,4,3,4,4,3,2,3,3,3,3,2,2,2,2,2,2,2,3,2,3,2,2,2,3,2,2,2,2,2,3,2,3,3,2,2,2,3,2,3,3,4,1,3,4,3,1,3,1,1,4.0,3,4,3,3.0,3,3,3,3.0,3,4,4.0,2,4,2.0,3.0,2.0,3.0,3.0,2,1,3,3.0,2,3.0,2,2.0,2.0,3.0,2.0,2,3,2,3,3,3,3,2,2,2.0,3,2,3,2,3,2,3,2,3,3,0,278,26,0,0,0,67,0,403,0,0,42,0,0,0,0,5185,0,493,0,35,1830,0,0,0,0,281,1422,555,4087,92,62,0.0,2.0,0.0,0.0,0.0,0.0,0.0,0.0,0.0,0.0,44.0,0.0,0.0,0.0,1.0,6.0,0.0,24.0,0.0,0.0,0.0,0.0,0.0,0.0,0.0,0.0,222.0,0.0,0.0,27.0,0.0,2.0,0.0,3.0,0.0,0.0,0.0,3344.0,154,2412,92.0,2081,331.0,9.0,8957.632121
82,c,2.0,2,3.0,1,3.0,3.0,4,2,4,3.0,3,3.0,3.0,3,3,3,4.0,4,3,1,1,1,1,3.0,1.0,1.0,2,4,4,4.0,4,2,2,2,2,4,2,1,1,1,1,1,3,2,1,4,2,3,2,4,1,2,4,2,1,1,4,1,1,4,1,3,3,2,3,2,1,1,4,4,5,1,2,4,1,1,1,1,1,4.0,3,4,4,4.0,4,4,2,3.0,4,3,4.0,2,3,3.0,4.0,2.0,2.0,2.0,5,2,4,4.0,1,4.0,5,3.0,3.0,4.0,1.0,3,2,2,3,4,5,5,5,3,3.0,1,3,3,2,2,2,3,4,2,2,1,249,25,0,0,0,28,0,202,0,1,11,0,1,0,2,4020,0,274,0,22,1725,0,0,0,0,277,753,308,2963,80,41,0.0,18.0,0.0,0.0,0.0,0.0,0.0,0.0,0.0,0.0,15.0,3.0,0.0,0.0,0.0,2.0,0.0,16.0,0.0,0.0,0.0,0.0,0.0,0.0,0.0,0.0,60.0,0.0,0.0,22.0,0.0,2.0,0.0,12.0,0.0,0.0,0.0,4067.0,121,1459,80.0,1309,150.0,9.0,4200.569314
86,c,3.0,3,3.0,3,2.0,2.0,2,2,4,3.0,3,4.0,3.0,3,3,2,3.0,2,3,3,4,3,3,3.0,3.0,3.0,2,2,2,2.0,2,4,3,2,3,3,2,3,2,4,2,2,3,3,3,2,3,3,3,3,3,3,3,3,2,2,2,3,2,3,2,3,3,2,3,3,3,3,3,3,3,1,1,3,3,2,4,1,1,3.0,4,4,4,3.0,4,3,4,3.0,4,4,4.0,2,4,3.0,3.0,3.0,3.0,3.0,3,3,3,4.0,4,3.0,3,2.0,3.0,3.0,3.0,3,4,4,2,4,3,3,2,2,2.0,3,2,3,2,2,2,3,3,4,4,3,470,44,0,0,1,19,0,204,0,2,42,0,2,0,0,3180,3,309,0,1,1211,0,0,0,0,536,820,582,3841,125,57,0.0,3.0,0.0,0.0,0.0,0.0,0.0,0.0,0.0,0.0,22.0,0.0,0.0,0.0,4.0,0.0,0.0,17.0,0.0,0.0,0.0,0.0,0.0,0.0,0.0,0.0,67.0,0.0,0.0,6.0,0.0,1.0,0.0,3.0,0.0,0.0,0.0,7242.0,182,2120,125.0,1997,123.0,8.0,4934.569634
85,c,5.0,5,5.0,3,5.0,4.0,5,5,5,5.0,5,5.0,5.0,5,5,5,5.0,5,5,5,5,5,5,5.0,5.0,5.0,2,2,2,2.0,2,4,4,3,5,3,3,4,4,4,2,2,3,3,4,2,4,4,4,4,3,3,4,4,4,3,4,3,4,4,4,4,4,4,4,4,4,4,4,5,4,3,3,4,4,1,2,2,3,5.0,5,5,5,5.0,5,5,5,5.0,5,5,5.0,5,5,5.0,5.0,5.0,5.0,5.0,2,3,5,5.0,5,5.0,4,1.0,5.0,5.0,5.0,5,5,5,1,4,5,5,1,2,1.0,5,1,5,5,5,4,5,5,5,5,0,336,46,1,0,0,49,0,202,0,0,36,2,0,0,40,2974,0,243,0,6,1131,0,1,0,0,157,412,208,2140,81,49,0.0,0.0,0.0,0.0,0.0,0.0,0.0,0.0,0.0,0.0,6.0,0.0,0.0,0.0,0.0,0.0,0.0,7.0,0.0,0.0,0.0,0.0,0.0,0.0,0.0,0.0,38.0,0.0,0.0,3.0,0.0,0.0,0.0,2.0,0.0,0.0,0.0,2125.0,130,907,81.0,851,56.0,5.0,1851.424781
84,c,5.0,5,5.0,4,4.0,4.0,5,5,5,5.0,5,5.0,5.0,5,5,5,5.0,5,4,4,5,4,4,4.0,4.0,5.0,2,1,2,1.0,4,5,5,4,5,2,5,3,5,4,3,5,4,5,4,2,5,5,5,5,2,4,3,5,3,4,5,4,5,5,5,5,5,5,4,4,5,5,5,5,5,4,3,5,5,2,4,2,5,5.0,5,5,5,5.0,5,5,5,5.0,5,5,5.0,5,5,4.0,5.0,5.0,4.0,5.0,2,4,5,4.0,4,3.0,4,1.0,5.0,5.0,5.0,5,5,5,3,4,4,5,1,1,1.0,5,1,5,4,5,5,5,3,5,5,0,849,66,14,0,0,102,1,132,1,0,84,5,6,0,12,4213,1,334,0,108,1361,0,1,0,11,432,1875,891,5321,140,81,0.0,4.0,0.0,0.0,0.0,0.0,0.0,0.0,0.0,0.0,48.0,2.0,0.0,0.0,5.0,1.0,0.0,26.0,0.0,0.0,0.0,0.0,0.0,0.0,0.0,0.0,174.0,0.0,0.0,28.0,0.0,5.0,0.0,25.0,0.0,0.0,0.0,14843.0,221,3419,140.0,3101,318.0,10.0,12120.486404
87,c,4.0,4,5.0,2,5.0,5.0,5,4,5,5.0,5,5.0,4.0,5,3,2,3.0,2,2,2,3,2,2,2.0,2.0,2.0,2,5,5,3.0,5,4,5,2,2,4,2,3,3,4,1,1,2,1,3,1,1,3,4,3,3,4,1,2,2,1,1,1,1,2,1,3,3,1,1,1,3,2,3,3,3,1,1,4,2,1,1,1,1,4.0,4,3,3,2.0,4,4,5,4.0,4,3,5.0,3,3,2.0,3.0,4.0,4.0,2.0,5,2,4,4.0,4,2.0,3,3.0,4.0,5.0,5.0,2,2,3,3,1,4,2,2,2,3.0,4,2,2,3,5,3,5,2,5,5,0,46,4,1,0,0,6,0,148,0,0,11,0,0,0,0,2120,0,181,0,11,614,0,0,0,0,218,404,349,1903,48,48,0.0,0.0,0.0,0.0,0.0,0.0,0.0,0.0,0.0,0.0,2.0,0.0,0.0,0.0,0.0,0.0,0.0,3.0,0.0,0.0,0.0,0.0,0.0,0.0,0.0,0.0,37.0,0.0,0.0,0.0,0.0,2.0,0.0,0.0,0.0,0.0,0.0,2683.0,96,1067,48.0,1023,44.0,4.0,2020.205563
86,c,5.0,5,5.0,5,5.0,4.0,5,4,4,5.0,4,5.0,5.0,5,5,4,5.0,4,5,5,4,4,5,5.0,4.0,5.0,5,4,4,3.0,3,5,5,4,5,4,4,5,4,5,4,4,4,4,4,5,4,5,4,5,5,4,4,5,4,3,4,4,5,5,4,5,5,4,5,4,5,4,5,4,4,4,4,4,4,4,4,4,4,5.0,5,5,4,4.0,5,4,5,5.0,5,5,4.0,5,4,5.0,5.0,4.0,5.0,4.0,5,5,4,4.0,5,4.0,5,4.0,5.0,4.0,5.0,4,5,4,5,4,5,5,4,5,2.0,5,2,5,5,5,5,5,3,4,4,1,21,3,0,0,0,1,0,132,0,1,0,1,1,0,0,1959,0,180,0,61,682,0,0,0,0,181,446,172,1761,40,21,0.0,0.0,0.0,0.0,0.0,0.0,0.0,0.0,0.0,0.0,11.0,14.0,0.0,0.0,0.0,2.0,0.0,12.0,0.0,0.0,0.0,0.0,0.0,0.0,0.0,0.0,35.0,0.0,0.0,10.0,0.0,4.0,0.0,0.0,0.0,0.0,0.0,2564.0,61,860,40.0,772,88.0,7.0,2726.833027
69,c,4.0,4,4.0,4,3.0,5.0,4,4,5,4.0,4,4.0,4.0,5,5,4,5.0,4,4,4,5,3,3,4.0,4.0,4.0,3,4,3,3.0,3,4,3,2,2,4,2,3,3,3,3,3,4,3,3,2,4,3,4,3,3,2,3,4,3,3,2,3,3,4,3,4,3,4,3,3,3,3,3,4,3,3,4,4,4,3,2,2,2,4.0,4,4,4,5.0,4,5,5,4.0,5,3,4.0,5,4,4.0,5.0,4.0,4.0,5.0,3,3,4,4.0,3,4.0,4,2.0,4.0,4.0,3.0,3,4,3,3,4,4,4,4,3,2.0,4,2,4,3,5,3,4,3,5,5,0,166,29,0,0,0,13,0,318,0,0,15,1,0,0,0,3938,0,356,0,41,1548,0,0,0,0,203,507,231,2406,70,29,0.0,0.0,0.0,0.0,0.0,0.0,0.0,0.0,0.0,0.0,9.0,0.0,0.0,0.0,0.0,0.0,0.0,7.0,0.0,0.0,0.0,0.0,0.0,0.0,0.0,0.0,29.0,0.0,0.0,3.0,0.0,0.0,0.0,7.0,0.0,0.0,0.0,1878.0,99,1040,70.0,985,55.0,5.0,2311.093937
72,c,5.0,5,5.0,5,2.0,2.0,4,2,3,4.0,4,4.0,3.0,5,5,3,3.0,3,3,5,5,5,3,4.0,5.0,4.0,1,3,1,1.0,1,4,4,2,2,3,2,2,2,3,2,3,3,4,3,3,5,4,4,3,3,2,4,4,3,3,2,3,3,3,3,4,3,3,2,3,4,4,4,3,2,1,1,4,4,4,3,1,4,4.0,4,4,4,4.0,4,4,4,4.0,4,4,4.0,4,4,4.0,4.0,4.0,4.0,4.0,2,4,4,4.0,4,4.0,4,4.0,4.0,4.0,4.0,4,4,4,2,4,4,4,2,2,2.0,4,2,4,4,4,4,4,2,4,4,1,543,33,2,0,0,21,0,237,0,1,91,6,1,0,0,3687,0,304,0,22,1541,0,0,0,0,137,456,116,2519,67,29,0.0,1.0,0.0,0.0,0.0,0.0,0.0,0.0,0.0,0.0,6.0,3.0,0.0,0.0,0.0,0.0,0.0,9.0,0.0,0.0,0.0,0.0,0.0,0.0,0.0,0.0,73.0,0.0,0.0,3.0,0.0,0.0,0.0,1.0,0.0,0.0,0.0,2146.0,96,805,67.0,709,96.0,7.0,2146.018365
90,c,3.0,3,3.0,3,3.0,3.0,3,3,3,3.0,3,3.0,3.0,3,3,3,3.0,3,3,3,3,3,3,3.0,3.0,3.0,3,3,3,3.0,3,3,3,3,3,3,3,3,3,3,3,3,3,3,3,3,3,3,3,3,3,3,3,3,3,3,3,3,3,3,3,3,3,3,3,3,3,3,3,3,3,3,3,3,3,3,3,3,3,3.0,3,3,3,3.0,3,3,3,3.0,3,3,3.0,3,3,3.0,3.0,3.0,3.0,3.0,3,3,3,3.0,3,3.0,3,3.0,3.0,3.0,3.0,3,3,3,3,3,3,3,3,3,3.0,3,3,3,3,3,3,3,3,3,3,0,123,20,0,0,0,19,0,164,0,0,0,1,0,0,0,2186,0,217,0,2,724,0,0,0,0,279,841,446,1534,120,53,0.0,1.0,0.0,0.0,0.0,0.0,0.0,0.0,0.0,0.0,55.0,7.0,0.0,0.0,0.0,0.0,0.0,11.0,0.0,0.0,0.0,0.0,0.0,0.0,0.0,0.0,156.0,14.0,0.0,27.0,0.0,2.0,0.0,3.0,0.0,0.0,0.0,4846.0,173,1739,120.0,1463,276.0,9.0,5948.376366
71,c,3.0,3,4.0,4,5.0,5.0,4,2,3,5.0,3,4.0,3.0,4,4,3,4.0,4,3,4,4,4,3,3.0,3.0,3.0,4,3,5,4.0,3,3,3,2,4,5,2,3,3,3,4,4,5,5,3,4,4,2,2,5,3,1,5,5,4,2,4,4,3,4,3,5,4,4,3,3,5,1,4,5,5,1,4,5,5,1,5,1,1,3.0,3,4,4,4.0,4,4,4,3.0,4,4,3.0,4,3,5.0,4.0,4.0,4.0,4.0,4,3,3,5.0,3,5.0,3,3.0,4.0,5.0,4.0,3,3,4,3,4,3,4,4,3,3.0,3,3,3,3,3,3,3,3,3,3,3,201,17,0,0,0,11,0,192,0,3,17,1,1,0,0,3935,3,339,0,34,1394,0,0,0,0,408,543,359,1353,76,44,0.0,3.0,0.0,0.0,0.0,0.0,0.0,0.0,0.0,0.0,32.0,0.0,0.0,0.0,0.0,1.0,0.0,3.0,0.0,0.0,0.0,0.0,0.0,0.0,0.0,0.0,96.0,2.0,0.0,3.0,0.0,0.0,0.0,0.0,0.0,0.0,0.0,2862.0,120,1430,76.0,1290,140.0,7.0,3440.859694
73,c,2.0,2,4.0,4,4.0,2.0,4,3,3,5.0,3,3.0,3.0,5,3,4,3.0,3,2,2,3,2,2,2.0,1.0,2.0,5,5,5,5.0,5,2,3,1,1,4,2,3,2,3,1,1,1,5,1,1,2,3,2,4,1,4,4,4,4,1,4,3,4,3,1,4,3,5,1,3,4,1,4,2,5,1,4,4,4,1,5,5,1,5.0,5,4,3,5.0,3,5,3,3.0,1,3,3.0,3,3,1.0,4.0,5.0,3.0,4.0,1,1,4,4.0,2,4.0,1,5.0,5.0,5.0,4.0,3,4,3,5,2,4,4,2,2,4.0,5,4,5,1,1,4,4,1,4,5,9,309,19,0,0,4,26,0,184,0,8,33,0,5,0,6,3273,3,247,0,9,1264,0,0,0,0,993,1165,390,2783,180,60,0.0,2.0,0.0,0.0,0.0,0.0,0.0,0.0,0.0,0.0,64.0,0.0,0.0,0.0,0.0,0.0,0.0,11.0,0.0,0.0,0.0,0.0,0.0,0.0,0.0,0.0,145.0,2.0,0.0,76.0,0.0,0.0,0.0,0.0,0.0,0.0,0.0,1634.0,240,2788,180.0,2488,300.0,6.0,4481.090021
56,c,3.0,3,3.0,3,3.0,3.0,3,3,3,3.0,3,3.0,3.0,3,3,3,3.0,3,3,3,3,3,3,3.0,3.0,3.0,3,3,3,3.0,3,4,2,2,2,2,2,2,3,1,1,1,1,1,1,1,1,3,3,3,2,2,1,3,2,1,2,1,3,3,1,3,2,3,2,2,2,4,3,4,4,2,3,5,5,1,5,5,2,3.0,3,4,3,3.0,3,3,3,3.0,3,3,3.0,3,3,3.0,3.0,3.0,3.0,3.0,3,3,3,3.0,3,3.0,3,3.0,3.0,3.0,3.0,3,3,3,3,3,3,3,3,3,3.0,3,3,3,3,3,3,3,3,3,3,4,188,28,8,0,4,25,0,38,0,2,50,6,0,0,15,1413,0,138,0,40,788,0,0,0,0,69,545,150,1119,41,24,0.0,2.0,0.0,0.0,0.0,0.0,0.0,0.0,0.0,0.0,16.0,1.0,0.0,0.0,0.0,0.0,0.0,18.0,0.0,0.0,0.0,0.0,0.0,0.0,0.0,0.0,71.0,14.0,0.0,6.0,0.0,0.0,0.0,0.0,0.0,0.0,0.0,1228.0,65,829,41.0,701,128.0,7.0,3990.302228
77,d,4.0,4,4.0,4,4.0,4.0,4,4,4,5.0,5,5.0,5.0,5,4,3,4.0,4,3,3,4,3,4,4.0,4.0,4.0,2,4,2,4.0,2,4,4,4,4,4,4,4,4,4,4,4,4,4,4,4,4,4,4,4,4,4,4,2,4,4,4,4,4,4,4,4,4,4,4,4,4,4,1,4,1,4,4,4,2,4,4,4,4,4.0,4,4,4,4.0,3,3,4,4.0,4,4,4.0,4,4,3.0,4.0,4.0,3.0,2.0,4,4,4,4.0,4,4.0,4,4.0,4.0,4.0,3.0,4,4,4,4,4,4,5,4,4,4.0,4,4,4,2,4,4,4,4,3,4,1,92,10,0,0,0,7,0,97,0,1,9,0,0,0,0,3596,0,140,0,6,1235,0,0,0,0,205,725,377,1534,84,44,0.0,6.0,0.0,0.0,0.0,0.0,0.0,0.0,0.0,0.0,17.0,0.0,0.0,0.0,1.0,0.0,0.0,13.0,0.0,0.0,0.0,0.0,0.0,0.0,0.0,0.0,58.0,11.0,0.0,18.0,0.0,0.0,0.0,2.0,0.0,0.0,0.0,3912.0,128,1435,84.0,1309,126.0,8.0,3399.001572
92,d,3.0,3,5.0,2,5.0,5.0,5,4,4,4.0,4,4.0,4.0,4,5,4,5.0,3,4,4,4,3,4,4.0,4.0,4.0,2,3,2,2.0,2,4,3,3,4,2,2,3,3,4,4,4,3,4,3,3,2,3,3,3,4,2,4,4,3,4,2,2,3,3,3,4,4,2,3,2,4,3,3,2,3,1,1,4,2,3,2,3,4,5.0,5,5,5,4.0,4,4,4,5.0,5,4,4.0,3,5,3.0,4.0,3.0,3.0,4.0,4,4,4,4.0,5,4.0,5,4.0,4.0,5.0,4.0,4,5,4,3,3,4,5,5,5,5.0,5,4,5,3,5,5,4,2,3,4,2,653,32,0,0,0,53,0,67,0,2,54,1,0,0,10,2457,0,100,0,209,678,0,0,0,0,363,1245,502,3733,131,67,0.0,1.0,0.0,0.0,0.0,0.0,0.0,0.0,0.0,0.0,8.0,0.0,0.0,0.0,0.0,10.0,0.0,20.0,0.0,0.0,0.0,0.0,0.0,0.0,0.0,0.0,117.0,0.0,0.0,5.0,0.0,4.0,0.0,0.0,0.0,0.0,0.0,5166.0,198,2308,131.0,2143,165.0,7.0,7957.0652
83,d,3.0,3,4.0,4,2.0,3.0,3,3,4,4.0,4,4.0,4.0,4,4,4,4.0,4,3,2,3,2,3,2.0,1.0,2.0,4,4,4,4.0,4,3,2,1,2,3,3,2,1,3,3,2,1,4,4,1,2,3,2,3,4,2,3,2,3,4,3,3,3,3,3,4,3,3,3,2,2,3,4,3,2,1,1,3,1,1,1,2,3,3.0,3,4,3,3.0,4,4,4,4.0,4,4,4.0,4,4,3.0,4.0,4.0,4.0,3.0,4,3,3,3.0,4,3.0,4,3.0,3.0,4.0,3.0,4,5,4,3,2,3,4,3,3,3.0,4,3,3,2,4,4,4,3,3,3,1,197,35,0,0,0,41,0,56,0,1,0,1,1,0,0,2313,1,112,0,148,772,0,0,0,0,507,774,579,3878,142,58,0.0,3.0,0.0,0.0,0.0,0.0,0.0,0.0,0.0,0.0,16.0,0.0,0.0,0.0,0.0,1.0,0.0,15.0,0.0,0.0,0.0,0.0,0.0,0.0,0.0,0.0,113.0,0.0,0.0,24.0,0.0,1.0,0.0,4.0,0.0,0.0,2.0,3589.0,200,2060,142.0,1881,179.0,9.0,4235.875829
94,d,3.0,4,4.0,4,4.0,4.0,4,4,4,4.0,4,4.0,4.0,4,4,4,4.0,4,4,4,4,4,4,4.0,4.0,4.0,3,3,3,4.0,4,4,4,4,4,4,4,4,4,4,4,4,4,4,4,4,2,4,4,4,4,4,4,4,4,4,4,4,4,4,4,4,4,4,4,4,4,3,4,4,4,4,4,4,4,4,4,4,3,4.0,4,4,3,4.0,4,4,4,4.0,4,4,4.0,3,4,3.0,4.0,4.0,4.0,4.0,2,4,4,4.0,4,4.0,4,2.0,4.0,4.0,4.0,4,4,4,4,3,4,4,3,3,3.0,4,3,4,2,4,4,4,3,4,4,4,91,17,0,0,3,21,0,47,0,0,3,0,3,0,0,2908,0,87,0,43,1485,0,0,0,0,318,765,384,3259,98,61,0.0,3.0,0.0,0.0,0.0,0.0,0.0,0.0,0.0,0.0,11.0,10.0,0.0,0.0,0.0,0.0,0.0,18.0,0.0,0.0,0.0,0.0,0.0,0.0,0.0,0.0,57.0,0.0,0.0,29.0,0.0,0.0,0.0,0.0,0.0,0.0,0.0,3990.0,159,1626,98.0,1498,128.0,6.0,4331.715948
95,d,4.0,4,4.0,4,4.0,4.0,4,4,4,4.0,4,4.0,4.0,4,4,4,4.0,4,4,4,4,4,4,4.0,4.0,4.0,3,3,3,3.0,3,4,4,4,4,4,4,4,4,3,3,4,3,3,4,3,3,4,3,4,3,3,3,4,3,3,3,3,3,4,4,4,3,3,3,3,3,3,4,3,3,2,3,3,3,2,3,3,3,4.0,4,4,4,4.0,4,4,4,4.0,4,4,4.0,4,4,4.0,4.0,4.0,4.0,4.0,3,4,4,4.0,4,4.0,4,3.0,3.0,4.0,4.0,3,4,4,3,4,4,4,3,3,4.0,4,3,4,2,4,4,4,4,4,4,0,137,23,0,0,0,15,0,36,0,0,9,0,0,0,0,2184,0,74,0,1,959,0,0,0,0,334,843,444,2803,53,37,0.0,3.0,0.0,0.0,0.0,0.0,0.0,0.0,0.0,0.0,3.0,3.0,0.0,0.0,0.0,14.0,0.0,14.0,0.0,0.0,0.0,0.0,0.0,0.0,0.0,0.0,52.0,0.0,0.0,13.0,0.0,2.0,0.0,2.0,0.0,0.0,0.0,4030.0,90,1711,53.0,1605,106.0,9.0,4715.472945
90,d,4.0,4,4.0,4,3.0,3.0,3,3,4,4.0,3,4.0,3.0,4,4,4,4.0,4,3,3,4,3,3,3.0,3.0,3.0,3,3,3,2.0,3,3,3,3,3,3,3,3,3,3,3,3,3,3,3,3,3,3,3,3,3,3,3,3,3,3,3,3,3,3,3,3,3,3,3,3,3,3,4,3,3,3,3,3,3,3,3,3,3,4.0,4,4,4,4.0,3,4,3,4.0,4,3,4.0,4,4,4.0,4.0,4.0,4.0,4.0,3,4,3,4.0,4,4.0,4,3.0,4.0,4.0,3.0,3,4,4,3,4,4,5,3,3,4.0,4,4,4,2,4,4,4,3,3,4,0,139,10,0,0,0,7,0,64,0,0,0,0,0,0,0,3552,0,103,0,365,1114,0,0,0,0,182,1471,444,2018,54,49,0.0,1.0,0.0,0.0,0.0,0.0,0.0,0.0,0.0,0.0,66.0,0.0,0.0,0.0,0.0,0.0,0.0,15.0,0.0,0.0,0.0,0.0,0.0,0.0,0.0,0.0,187.0,1.0,0.0,9.0,0.0,0.0,0.0,1.0,0.0,0.0,0.0,13517.0,103,2200,54.0,1920,280.0,7.0,9677.468618
99,d,5.0,5,5.0,5,5.0,4.0,4,4,5,5.0,5,5.0,4.0,5,4,4,3.0,3,4,3,3,4,4,4.0,3.0,4.0,2,5,3,2.0,4,3,3,2,3,2,3,3,3,3,3,3,2,3,2,3,3,3,3,3,2,2,3,3,3,3,2,3,3,3,3,3,3,2,2,3,3,3,4,3,3,1,3,3,3,3,2,2,3,4.0,4,3,4,5.0,4,4,4,4.0,4,2,4.0,4,3,3.0,3.0,3.0,4.0,3.0,3,4,4,4.0,3,4.0,4,3.0,4.0,4.0,3.0,3,4,4,2,4,4,4,2,3,3.0,3,3,4,2,2,4,4,5,5,4,0,298,22,4,0,0,105,0,167,0,0,21,5,0,0,10,3896,0,211,0,195,1655,0,0,0,0,73,222,207,959,47,49,0.0,0.0,0.0,0.0,0.0,0.0,0.0,0.0,0.0,0.0,0.0,0.0,0.0,0.0,0.0,0.0,0.0,1.0,0.0,0.0,0.0,0.0,0.0,0.0,0.0,0.0,10.0,0.0,0.0,0.0,0.0,0.0,0.0,1.0,0.0,0.0,0.0,5106.0,96,598,47.0,586,12.0,3.0,1195.043462
77,d,3.0,3,3.0,3,3.0,3.0,3,4,3,4.0,3,4.0,3.0,4,4,4,4.0,4,2,3,4,4,3,3.0,3.0,4.0,3,3,3,4.0,4,4,4,4,4,4,2,3,3,4,4,4,2,4,4,2,4,4,4,4,4,4,2,2,2,1,3,2,2,2,2,4,3,3,4,1,3,1,2,3,2,2,2,4,4,2,1,1,4,3.0,3,4,4,4.0,4,4,4,4.0,4,3,4.0,4,4,3.0,3.0,3.0,4.0,4.0,2,3,4,3.0,3,4.0,4,2.0,3.0,4.0,2.0,3,3,4,1,4,5,5,2,3,2.0,4,2,4,3,3,5,5,5,5,5,2,6,17,0,0,0,4,0,49,0,2,3,2,1,0,0,2688,0,74,0,7,1613,0,6,3,0,271,836,349,2368,148,66,0.0,4.0,0.0,0.0,0.0,0.0,0.0,0.0,0.0,0.0,22.0,10.0,0.0,0.0,2.0,18.0,0.0,5.0,0.0,0.0,0.0,0.0,0.0,0.0,0.0,0.0,84.0,3.0,0.0,15.0,0.0,0.0,0.0,5.0,0.0,0.0,9.0,3617.0,214,1670,148.0,1493,177.0,11.0,5500.884381
83,d,5.0,4,3.0,5,3.0,2.0,4,2,4,3.0,3,4.0,4.0,4,2,4,4.0,3,5,5,5,4,5,5.0,5.0,4.0,1,5,1,1.0,4,2,2,3,1,3,1,2,3,3,3,2,2,3,2,2,3,2,2,2,1,2,3,3,3,3,3,3,2,2,4,3,2,1,2,1,1,2,1,2,2,1,1,3,2,1,2,1,1,3.0,3,3,3,4.0,3,4,3,3.0,4,3,4.0,3,3,3.0,3.0,4.0,4.0,4.0,3,3,4,3.0,2,2.0,3,3.0,1.0,4.0,3.0,4,3,3,3,5,4,5,4,2,4.0,4,4,4,2,3,4,2,2,1,1,3,89,17,0,0,0,28,0,91,1,3,15,1,1,0,0,4284,1,113,0,48,2485,0,2,0,0,220,1001,330,2913,56,52,0.0,13.0,0.0,0.0,0.0,0.0,0.0,0.0,0.0,0.0,15.0,2.0,0.0,0.0,1.0,18.0,0.0,12.0,0.0,0.0,0.0,0.0,0.0,0.0,0.0,0.0,123.0,0.0,0.0,18.0,0.0,1.0,0.0,3.0,0.0,0.0,0.0,18685.0,108,1659,56.0,1453,206.0,10.0,6541.312138
68,d,4.0,3,4.0,3,4.0,3.0,3,3,5,5.0,4,5.0,4.0,4,4,4,4.0,4,4,4,4,4,4,4.0,4.0,4.0,3,4,4,3.0,3,4,3,4,4,4,4,4,4,4,4,4,3,4,3,4,4,4,4,4,3,3,4,4,4,4,4,4,3,4,4,4,4,4,3,4,4,3,4,3,4,3,3,4,4,4,4,4,3,4.0,4,4,4,4.0,4,4,4,4.0,4,4,4.0,4,4,4.0,4.0,4.0,4.0,4.0,3,4,4,4.0,4,4.0,4,3.0,4.0,4.0,4.0,4,4,4,3,4,3,4,3,4,4.0,3,4,3,3,4,4,4,3,4,4,0,0,6,0,0,0,10,0,77,9,0,0,0,1,0,0,2648,0,116,0,169,1433,0,0,0,0,154,374,162,1664,36,26,0.0,2.0,0.0,0.0,0.0,0.0,0.0,0.0,0.0,0.0,12.0,0.0,0.0,0.0,4.0,11.0,0.0,2.0,0.0,0.0,0.0,0.0,0.0,0.0,0.0,0.0,28.0,0.0,0.0,4.0,0.0,0.0,0.0,0.0,0.0,0.0,0.0,12309.0,62,752,36.0,689,63.0,7.0,2082.21923
81,d,4.0,3,3.0,3,3.0,3.0,4,2,4,4.0,4,4.0,4.0,4,4,2,3.0,2,3,3,4,4,3,4.0,3.0,3.0,3,4,3,3.0,3,3,3,4,3,1,4,3,1,3,3,3,2,4,2,4,3,2,2,3,3,3,3,3,4,4,2,3,3,3,4,3,2,2,2,3,2,3,4,2,1,1,1,3,2,1,2,3,4,4.0,4,4,4,5.0,4,4,3,3.0,4,3,3.0,2,4,3.0,4.0,4.0,4.0,4.0,3,3,3,4.0,3,3.0,3,3.0,4.0,4.0,3.0,4,3,3,3,3,3,3,3,3,4.0,3,4,3,2,4,4,4,3,3,3,3,0,8,0,0,0,4,0,35,0,3,0,0,0,0,0,1836,0,61,0,7,935,0,0,0,0,1,0,1,13,5,11,0.0,0.0,0.0,0.0,0.0,0.0,0.0,0.0,0.0,0.0,0.0,0.0,0.0,0.0,0.0,0.0,0.0,0.0,0.0,0.0,0.0,0.0,0.0,0.0,0.0,0.0,0.0,0.0,0.0,0.0,0.0,0.0,0.0,0.0,0.0,0.0,0.0,424.0,16,18,5.0,18,0.0,0.0,0.0
97,d,3.0,3,3.0,3,4.0,5.0,5,3,4,4.0,4,4.0,4.0,5,4,4,4.0,4,4,3,5,4,3,5.0,4.0,5.0,2,4,4,4.0,4,3,3,3,3,1,3,2,3,2,2,2,2,2,1,1,3,3,3,3,3,3,3,3,3,2,3,3,3,3,2,3,3,3,3,3,3,2,4,3,3,1,3,3,3,3,3,2,3,3.0,4,4,3,5.0,3,4,4,4.0,4,4,4.0,3,4,4.0,4.0,4.0,4.0,4.0,3,3,4,4.0,3,3.0,4,3.0,4.0,4.0,3.0,4,3,4,2,3,4,5,4,3,4.0,4,3,4,2,4,5,5,5,5,4,2,156,23,0,0,0,77,0,57,1,2,27,1,1,0,2,2022,0,108,0,764,1255,0,0,0,0,95,316,117,669,27,16,0.0,0.0,0.0,0.0,0.0,0.0,0.0,0.0,0.0,0.0,14.0,0.0,0.0,0.0,0.0,13.0,0.0,1.0,0.0,0.0,0.0,0.0,0.0,0.0,0.0,0.0,28.0,4.0,0.0,2.0,0.0,0.0,0.0,2.0,0.0,0.0,0.0,1499.0,43,571,27.0,507,64.0,7.0,1892.528441
93,d,3.0,3,3.0,3,5.0,5.0,5,4,3,3.0,3,3.0,3.0,3,3,3,3.0,2,4,3,5,3,4,4.0,3.0,3.0,3,4,5,4.0,5,3,3,3,3,2,3,3,3,3,3,3,3,3,3,3,3,3,3,3,3,3,3,2,3,3,3,3,3,3,3,4,4,4,4,4,4,2,2,3,4,4,4,3,3,3,3,3,3,4.0,4,4,4,5.0,3,4,4,3.0,4,4,4.0,4,4,5.0,4.0,5.0,5.0,4.0,3,4,5,4.0,3,4.0,4,2.0,3.0,4.0,4.0,3,5,3,2,2,4,5,3,3,4.0,4,4,4,1,5,5,5,3,3,3,1,94,13,0,0,0,5,0,40,2,1,4,1,0,0,0,2565,0,69,0,28,1341,0,0,0,0,189,394,279,1039,86,43,0.0,0.0,0.0,0.0,0.0,0.0,0.0,0.0,0.0,0.0,12.0,0.0,0.0,0.0,0.0,0.0,0.0,7.0,0.0,0.0,0.0,0.0,0.0,0.0,0.0,0.0,54.0,1.0,0.0,7.0,0.0,0.0,0.0,0.0,0.0,0.0,0.0,2425.0,129,991,86.0,910,81.0,5.0,2409.637452
95,d,4.0,4,5.0,4,3.0,3.0,4,3,5,4.0,4,4.0,3.0,4,4,3,4.0,5,3,3,4,4,3,4.0,4.0,4.0,2,4,2,4.0,5,2,1,1,1,2,1,1,2,2,2,3,1,4,3,2,3,3,2,3,3,2,3,3,2,1,1,3,2,3,3,3,3,1,2,1,3,3,4,3,2,1,1,2,1,1,1,1,3,4.0,4,4,4,4.0,2,4,3,4.0,5,4,4.0,2,4,2.0,4.0,3.0,2.0,2.0,2,4,4,4.0,4,4.0,2,2.0,2.0,4.0,4.0,3,4,4,1,2,4,5,4,2,1.0,4,4,4,1,4,4,4,3,2,2,2,91,17,2,0,0,9,0,71,0,2,51,0,0,0,3,2957,0,100,0,110,1523,0,0,0,0,402,1100,726,3720,72,45,0.0,5.0,0.0,0.0,0.0,0.0,0.0,0.0,0.0,0.0,17.0,1.0,0.0,0.0,4.0,1.0,0.0,16.0,0.0,0.0,0.0,0.0,0.0,0.0,0.0,0.0,50.0,0.0,0.0,31.0,0.0,0.0,0.0,7.0,0.0,0.0,0.0,25650.0,117,2345,72.0,2213,132.0,9.0,7052.527527
97,d,5.0,5,5.0,5,5.0,5.0,5,5,5,5.0,4,5.0,5.0,5,5,5,5.0,5,5,5,5,5,5,5.0,5.0,5.0,1,2,1,2.0,3,3,3,4,2,3,3,1,2,3,3,4,2,4,3,4,3,3,3,3,3,3,3,3,3,3,3,3,3,3,3,2,3,2,3,2,3,3,4,3,3,2,3,3,2,3,3,4,3,5.0,5,5,5,5.0,3,5,5,4.0,3,5,5.0,3,5,5.0,5.0,5.0,5.0,4.0,3,4,5,3.0,5,5.0,5,1.0,5.0,5.0,,5,5,5,5,5,5,5,5,4,4.0,4,1,5,1,5,5,5,4,4,4,3,64,21,4,0,0,16,0,71,0,2,17,3,3,0,0,2434,11,99,0,62,996,0,1,0,0,171,276,203,1576,40,28,0.0,0.0,0.0,0.0,0.0,0.0,0.0,0.0,0.0,0.0,1.0,1.0,0.0,0.0,0.0,0.0,0.0,3.0,0.0,0.0,0.0,0.0,0.0,0.0,0.0,0.0,34.0,1.0,0.0,2.0,0.0,0.0,0.0,1.0,0.0,0.0,0.0,5632.0,68,718,40.0,675,43.0,7.0,1347.643799
88,d,3.0,3,4.0,3,4.0,3.0,4,4,3,3.0,3,3.0,3.0,3,4,3,4.0,3,3,3,3,3,3,3.0,3.0,3.0,3,3,3,3.0,3,3,3,3,3,3,2,2,3,2,2,2,3,3,2,2,3,2,2,2,3,2,3,3,3,2,3,3,3,3,2,3,3,2,2,3,3,3,3,3,3,3,3,3,2,2,2,2,2,4.0,4,4,4,4.0,4,4,4,4.0,4,4,4.0,4,4,3.0,3.0,3.0,3.0,4.0,4,4,4,4.0,4,4.0,4,3.0,3.0,4.0,4.0,4,4,4,3,4,3,5,4,4,3.0,5,3,4,2,4,5,4,3,3,3,0,168,22,0,0,0,42,0,123,0,0,6,1,0,0,0,4459,0,174,0,164,1713,0,0,0,0,211,682,340,1694,134,55,0.0,0.0,0.0,0.0,0.0,0.0,0.0,0.0,0.0,0.0,42.0,12.0,0.0,0.0,2.0,3.0,0.0,15.0,0.0,0.0,0.0,6.0,0.0,0.0,0.0,0.0,77.0,0.0,0.0,10.0,0.0,1.0,0.0,4.0,0.0,0.0,0.0,3805.0,189,1422,134.0,1250,172.0,10.0,4244.644781
89,d,3.0,3,3.0,3,3.0,3.0,3,3,3,3.0,3,3.0,3.0,3,4,4,4.0,4,3,3,4,4,3,3.0,4.0,4.0,4,4,4,4.0,4,3,3,3,3,3,3,2,2,2,3,3,1,2,2,2,2,3,3,2,3,3,4,4,4,4,3,4,3,3,4,3,4,3,3,2,3,3,5,3,3,1,2,3,2,3,3,2,3,4.0,3,4,4,3.0,3,4,4,4.0,4,4,3.0,2,4,3.0,4.0,3.0,4.0,3.0,2,4,3,3.0,3,2.0,2,2.0,3.0,3.0,3.0,3,3,3,3,4,3,4,3,2,2.0,3,2,3,3,4,4,4,3,4,3,1,119,13,0,0,0,21,0,78,0,0,16,0,0,0,0,3167,1,107,0,108,1432,0,0,0,0,124,416,245,1022,86,34,0.0,2.0,0.0,0.0,0.0,0.0,0.0,0.0,0.0,0.0,30.0,0.0,0.0,0.0,0.0,0.0,0.0,12.0,0.0,0.0,0.0,1.0,0.0,0.0,0.0,0.0,68.0,0.0,0.0,12.0,0.0,2.0,0.0,5.0,0.0,0.0,0.0,2476.0,120,905,86.0,773,132.0,8.0,2058.503612
90,d,3.0,4,4.0,3,4.0,4.0,4,4,4,4.0,4,4.0,4.0,4,3,3,3.0,3,4,3,3,4,3,4.0,3.0,3.0,3,3,2,3.0,4,4,3,3,3,3,3,2,3,4,4,3,3,3,4,3,4,4,4,3,3,3,3,4,3,4,3,3,4,3,3,3,4,3,3,3,4,4,3,3,3,4,3,3,2,3,3,4,4,4.0,3,4,4,4.0,4,4,4,4.0,4,4,4.0,4,4,4.0,4.0,4.0,4.0,4.0,2,5,5,4.0,5,5.0,5,4.0,4.0,4.0,4.0,4,3,4,4,4,4,5,4,5,5.0,4,4,5,2,4,4,5,4,4,4,2,117,18,0,0,0,12,0,57,0,2,5,1,0,0,0,3099,0,108,0,69,1103,0,0,0,0,458,1124,686,3326,217,57,0.0,0.0,0.0,0.0,0.0,0.0,0.0,0.0,0.0,0.0,41.0,2.0,0.0,0.0,1.0,7.0,0.0,25.0,0.0,0.0,0.0,0.0,0.0,0.0,0.0,0.0,121.0,3.0,0.0,11.0,0.0,5.0,0.0,4.0,0.0,0.0,11.0,3670.0,274,2542,217.0,2311,231.0,11.0,6451.261131
69,d,3.0,2,4.0,2,5.0,4.0,5,5,4,5.0,3,5.0,3.0,5,3,2,2.0,1,3,2,3,1,1,3.0,2.0,3.0,5,5,5,5.0,4,2,3,3,2,2,2,3,3,3,3,2,3,3,2,3,2,2,3,3,2,3,2,3,3,3,2,2,3,3,3,3,3,2,3,2,3,3,3,3,3,3,2,2,3,2,3,2,3,3.0,4,4,4,4.0,4,4,4,,4,4,4.0,4,4,3.0,4.0,5.0,3.0,4.0,3,4,4,4.0,4,3.0,4,3.0,4.0,4.0,3.0,4,5,4,2,5,2,3,2,2,3.0,4,3,3,3,4,4,5,1,2,1,1,208,19,0,0,0,35,0,98,0,0,5,5,1,0,29,2831,0,142,0,124,1239,0,29,20,0,249,767,446,2207,106,46,0.0,2.0,0.0,0.0,0.0,0.0,0.0,0.0,0.0,0.0,38.0,0.0,0.0,0.0,0.0,2.0,0.0,12.0,0.0,0.0,0.0,0.0,0.0,0.0,0.0,0.0,110.0,0.0,0.0,2.0,0.0,0.0,0.0,0.0,0.0,0.0,0.0,28277.0,152,1614,106.0,1448,166.0,6.0,4736.281128
77,d,4.0,4,4.0,4,4.0,4.0,4,4,4,4.0,4,4.0,4.0,4,4,3,3.0,4,3,3,4,4,3,3.0,3.0,3.0,4,4,3,3.0,4,3,3,3,2,2,3,3,2,4,3,3,4,3,2,2,2,4,4,3,3,3,4,4,3,2,2,4,4,4,4,4,3,4,3,3,3,3,4,3,3,2,2,4,4,3,3,3,4,4.0,4,4,4,4.0,4,4,4,4.0,4,4,4.0,4,4,4.0,4.0,3.0,4.0,4.0,2,4,4,4.0,4,4.0,4,3.0,3.0,,4.0,4,3,4,3,3,3,4,4,4,4.0,4,3,4,3,4,4,4,2,3,3,0,341,16,0,0,0,16,0,48,0,0,34,2,0,0,3,2654,0,129,0,643,1161,0,0,0,0,105,320,209,958,83,37,0.0,0.0,0.0,0.0,0.0,0.0,0.0,0.0,0.0,0.0,5.0,0.0,0.0,0.0,0.0,0.0,0.0,4.0,0.0,0.0,0.0,0.0,0.0,0.0,0.0,0.0,34.0,14.0,0.0,1.0,0.0,0.0,0.0,0.0,0.0,0.0,0.0,1985.0,120,754,83.0,696,58.0,5.0,1563.363223
66,d,3.0,4,4.0,4,4.0,3.0,2,3,3,4.0,4,4.0,4.0,4,3,3,3.0,3,3,2,3,3,3,3.0,3.0,3.0,4,4,4,4.0,4,3,3,3,3,3,3,2,3,2,2,2,2,2,2,2,2,2,2,2,2,2,3,3,3,3,3,3,3,3,3,3,3,3,3,3,3,2,4,3,3,1,3,4,4,3,4,3,3,3.0,3,4,4,3.0,4,4,4,4.0,4,4,3.0,3,4,4.0,4.0,4.0,4.0,4.0,3,4,3,4.0,4,4.0,4,2.0,4.0,4.0,4.0,4,4,3,2,4,3,5,3,3,3.0,4,3,4,2,4,4,4,3,3,3,2,127,13,0,0,0,11,0,34,0,2,5,0,0,0,0,1881,0,75,0,92,783,0,0,0,0,57,72,114,683,33,27,0.0,5.0,0.0,0.0,0.0,0.0,0.0,0.0,0.0,0.0,0.0,0.0,0.0,0.0,0.0,0.0,0.0,0.0,0.0,0.0,0.0,0.0,0.0,0.0,0.0,0.0,14.0,0.0,0.0,0.0,0.0,0.0,0.0,0.0,0.0,0.0,0.0,8627.0,60,303,33.0,284,19.0,2.0,267.071975
86,d,4.0,4,4.0,2,4.0,4.0,4,3,4,4.0,4,5.0,4.0,5,4,3,4.0,3,3,4,4,3,3,3.0,4.0,4.0,3,4,4,3.0,3,3,2,3,3,4,4,3,3,2,3,3,1,2,2,2,3,3,2,2,2,1,3,4,3,1,2,2,3,3,3,4,3,3,2,3,3,2,3,2,2,2,1,3,3,2,2,2,2,,4,4,4,3.0,4,4,4,4.0,3,4,3.0,3,4,4.0,3.0,4.0,3.0,3.0,3,3,4,4.0,2,3.0,3,2.0,3.0,4.0,,2,4,4,3,4,4,4,2,3,3.0,4,3,3,2,3,4,4,3,4,4,2,315,23,1,0,0,24,0,140,0,1,36,0,1,0,0,3838,1,187,0,208,1268,0,0,0,0,485,835,992,2011,107,41,0.0,0.0,0.0,0.0,0.0,0.0,0.0,0.0,0.0,0.0,15.0,1.0,0.0,0.0,4.0,4.0,0.0,10.0,0.0,0.0,0.0,2.0,0.0,0.0,0.0,0.0,61.0,0.0,0.0,2.0,0.0,0.0,0.0,0.0,0.0,0.0,0.0,3494.0,148,2460,107.0,2361,99.0,8.0,6368.452694
76,d,4.0,4,4.0,4,4.0,4.0,4,4,4,4.0,4,4.0,4.0,4,4,4,4.0,4,4,4,4,4,4,4.0,4.0,4.0,4,4,4,4.0,4,3,3,3,3,2,3,3,3,3,3,3,3,3,3,3,3,3,3,3,3,3,3,3,3,3,3,3,3,3,3,3,3,3,3,3,3,3,4,3,3,3,3,2,3,3,3,3,3,3.0,3,4,4,4.0,4,4,4,4.0,4,4,4.0,4,4,4.0,4.0,4.0,4.0,4.0,3,3,3,4.0,4,4.0,4,3.0,4.0,4.0,4.0,4,4,4,3,3,3,4,2,3,2.0,3,2,3,2,4,4,4,3,3,3,3,14,11,2,0,0,6,0,61,0,3,0,1,1,0,0,2257,0,99,0,125,863,0,0,0,1,324,528,410,1479,41,33,0.0,2.0,0.0,0.0,0.0,0.0,0.0,0.0,0.0,0.0,14.0,6.0,0.0,0.0,0.0,2.0,0.0,11.0,0.0,0.0,0.0,0.0,0.0,0.0,0.0,0.0,79.0,0.0,0.0,4.0,0.0,1.0,0.0,0.0,0.0,0.0,0.0,4683.0,74,1336,41.0,1217,119.0,8.0,3287.477229
87,d,4.0,4,3.0,3,4.0,4.0,4,4,4,4.0,3,4.0,3.0,4,4,4,4.0,4,4,3,5,2,4,4.0,3.0,4.0,4,4,4,4.0,4,2,3,2,2,2,2,2,3,3,2,3,2,4,4,2,4,2,2,2,3,2,3,3,2,3,2,3,2,3,3,3,2,2,2,2,2,2,3,2,2,1,1,3,2,2,2,2,2,4.0,3,4,4,4.0,3,4,3,3.0,4,3,3.0,3,4,3.0,3.0,4.0,4.0,3.0,3,3,4,3.0,3,3.0,4,3.0,3.0,3.0,2.0,3,4,3,3,4,4,4,3,3,3.0,4,3,4,4,4,4,4,4,4,3,2,5,9,0,0,3,17,0,26,0,1,0,0,0,0,7,1741,0,46,0,43,914,0,0,0,0,133,454,282,1369,32,24,0.0,1.0,0.0,0.0,0.0,0.0,0.0,0.0,0.0,0.0,13.0,8.0,0.0,0.0,1.0,0.0,0.0,8.0,0.0,0.0,0.0,0.0,0.0,0.0,0.0,0.0,42.0,3.0,0.0,13.0,0.0,1.0,0.0,1.0,0.0,0.0,0.0,10536.0,56,925,32.0,834,91.0,10.0,2845.161041
90,d,4.0,4,5.0,4,5.0,3.0,5,3,5,5.0,5,5.0,5.0,5,5,5,4.0,5,5,5,5,5,5,5.0,5.0,5.0,1,3,2,1.0,1,4,4,4,3,3,4,4,1,3,4,4,4,4,4,4,3,3,3,3,4,3,3,2,3,4,4,4,4,4,4,4,2,4,3,3,4,2,3,3,2,1,3,2,4,4,4,4,2,4.0,5,5,5,5.0,5,5,5,5.0,5,5,5.0,3,5,3.0,4.0,4.0,5.0,4.0,3,4,5,5.0,5,5.0,3,4.0,4.0,5.0,4.0,5,4,3,2,4,4,5,3,4,5.0,3,4,4,2,5,5,5,5,5,4,0,0,24,0,0,0,2,0,31,0,0,0,0,0,0,0,1391,0,55,0,18,514,0,0,0,0,91,361,157,1201,28,19,0.0,2.0,0.0,0.0,0.0,0.0,0.0,0.0,0.0,0.0,0.0,2.0,0.0,0.0,0.0,1.0,0.0,4.0,0.0,0.0,0.0,0.0,0.0,0.0,0.0,0.0,42.0,0.0,0.0,4.0,0.0,1.0,0.0,3.0,0.0,0.0,0.0,5977.0,47,656,28.0,597,59.0,8.0,2096.325021
88,d,4.0,5,4.0,3,4.0,3.0,5,2,4,5.0,4,5.0,4.0,5,3,3,3.0,4,4,3,5,4,4,4.0,4.0,4.0,3,4,3,2.0,4,4,3,3,3,3,3,2,2,3,3,3,2,4,2,1,2,4,3,3,4,1,4,4,4,3,2,3,3,3,3,3,3,2,1,2,2,3,4,4,3,1,3,3,3,2,3,3,3,4.0,3,4,3,4.0,5,4,3,4.0,4,3,2.0,2,3,4.0,4.0,4.0,4.0,3.0,3,3,3,4.0,3,3.0,4,3.0,3.0,5.0,4.0,3,4,4,2,3,3,4,3,3,3.0,4,4,4,4,3,4,4,3,5,4,0,10,15,6,0,0,23,0,73,0,0,3,2,1,0,27,1842,0,87,0,224,681,0,0,0,0,284,1058,348,2568,44,39,0.0,0.0,0.0,0.0,0.0,0.0,0.0,0.0,0.0,0.0,47.0,1.0,0.0,0.0,1.0,1.0,0.0,20.0,0.0,0.0,0.0,0.0,0.0,0.0,0.0,0.0,102.0,13.0,0.0,9.0,0.0,7.0,0.0,5.0,0.0,0.0,0.0,4697.0,83,1773,44.0,1567,206.0,10.0,7141.058007
85,e,4.0,4,3.0,4,3.0,2.0,3,2,4,3.0,4,5.0,3.0,4,3,4,3.0,5,4,4,4,4,4,4.0,4.0,4.0,3,4,2,3.0,3,3,3,2,2,1,2,1,3,2,3,3,1,1,1,1,3,3,2,2,2,3,3,3,3,2,2,3,2,2,4,3,2,2,2,2,3,2,3,3,2,1,1,2,2,2,2,2,2,3.0,3,3,3,5.0,4,5,2,4.0,4,3,3.0,2,3,4.0,4.0,3.0,3.0,4.0,3,4,4,3.0,4,3.0,3,3.0,4.0,4.0,4.0,3,4,3,2,2,4,4,3,3,3.0,3,3,2,2,3,4,4,3,4,2,1,0,11,0,0,0,0,0,53,0,1,0,0,0,0,5,1762,0,67,0,3,737,0,0,0,0,245,464,397,2059,49,28,0.0,6.0,0.0,0.0,0.0,0.0,0.0,0.0,0.0,0.0,1.0,6.0,0.0,0.0,0.0,9.0,0.0,4.0,0.0,0.0,0.0,0.0,0.0,0.0,0.0,0.0,30.0,0.0,0.0,10.0,0.0,0.0,0.0,1.0,0.0,0.0,0.0,5702.0,77,1183,49.0,1116,67.0,8.0,2918.676967
94,e,4.0,4,4.0,4,4.0,3.0,3,4,4,4.0,4,4.0,4.0,4,4,3,4.0,4,4,3,4,4,4,3.0,3.0,3.0,2,2,2,2.0,3,3,3,3,3,3,3,3,3,3,3,3,3,3,2,3,3,3,3,3,3,3,3,3,3,3,2,3,3,3,3,3,3,3,3,3,3,3,4,2,3,2,2,3,2,3,2,3,3,5.0,5,4,4,4.0,4,4,4,4.0,4,5,4.0,2,5,3.0,4.0,4.0,4.0,3.0,4,3,4,4.0,3,3.0,4,3.0,3.0,4.0,3.0,4,5,5,4,5,3,5,4,5,4.0,4,4,4,2,4,5,5,2,4,4,0,439,23,2,0,0,132,0,179,0,0,45,5,2,0,0,5401,1,201,0,458,2268,0,0,0,2,223,514,396,1895,93,58,0.0,1.0,0.0,0.0,0.0,0.0,0.0,0.0,0.0,0.0,12.0,0.0,0.0,0.0,1.0,1.0,0.0,6.0,0.0,0.0,0.0,0.0,0.0,0.0,0.0,0.0,50.0,0.0,0.0,7.0,0.0,1.0,0.0,0.0,0.0,0.0,0.0,5148.0,151,1284,93.0,1205,79.0,8.0,2316.618906
90,e,4.0,4,5.0,4,4.0,3.0,4,3,3,4.0,4,4.0,4.0,4,4,3,4.0,4,3,3,4,3,4,4.0,3.0,4.0,3,4,4,3.0,4,3,3,3,3,2,3,4,3,4,4,3,4,4,3,4,3,4,4,2,4,3,4,4,4,4,3,4,4,4,4,4,4,4,4,3,3,3,5,3,2,3,4,4,4,4,4,3,4,4.0,4,4,4,4.0,3,3,4,4.0,3,3,4.0,3,4,3.0,3.0,3.0,3.0,3.0,4,3,4,4.0,3,3.0,3,3.0,4.0,4.0,4.0,4,5,4,3,4,3,4,4,5,4.0,4,4,5,2,4,5,4,4,4,4,12,356,25,86,0,13,48,0,109,0,3,37,0,3,0,0,3795,2,193,0,230,1258,0,0,0,1,221,1231,304,6161,152,104,0.0,0.0,0.0,0.0,0.0,0.0,0.0,0.0,0.0,0.0,7.0,0.0,0.0,0.0,0.0,2.0,0.0,29.0,0.0,0.0,0.0,0.0,0.0,0.0,0.0,0.0,67.0,0.0,0.0,7.0,0.0,1.0,0.0,2.0,0.0,0.0,0.0,11453.0,256,2012,152.0,1897,115.0,7.0,6909.779349
92,e,4.0,4,4.0,4,4.0,3.0,4,3,4,4.0,4,4.0,4.0,4,4,4,4.0,4,4,4,4,4,4,4.0,4.0,4.0,1,4,3,2.0,3,4,4,4,4,3,3,3,3,3,3,3,3,2,2,3,2,3,3,3,2,2,4,3,3,3,3,3,3,3,3,3,3,4,3,3,3,3,4,3,3,2,3,3,2,3,2,3,3,4.0,4,4,4,4.0,5,5,4,5.0,5,4,4.0,4,4,3.0,4.0,5.0,4.0,3.0,4,3,4,4.0,4,3.0,5,3.0,4.0,4.0,4.0,4,3,4,3,4,3,5,4,5,4.0,5,4,5,2,5,5,5,4,4,4,1,371,23,38,0,0,35,0,88,0,1,31,2,1,0,1,3214,0,137,0,154,1451,0,0,0,2,481,1296,706,3726,77,44,0.0,1.0,0.0,0.0,0.0,0.0,0.0,0.0,0.0,0.0,39.0,26.0,0.0,0.0,0.0,13.0,0.0,18.0,0.0,0.0,0.0,0.0,0.0,0.0,0.0,0.0,133.0,0.0,0.0,22.0,0.0,6.0,0.0,2.0,0.0,0.0,5.0,8103.0,121,2604,77.0,2339,265.0,10.0,7583.012523
88,e,3.0,3,4.0,3,3.0,3.0,4,3,4,4.0,3,5.0,4.0,5,3,4,3.0,2,3,3,3,2,3,4.0,3.0,4.0,3,4,4,3.0,4,3,3,4,3,2,2,3,2,3,2,2,2,4,2,3,3,2,2,3,3,2,4,3,4,2,3,4,2,2,2,3,3,2,2,2,2,3,3,2,2,2,2,4,2,2,2,3,3,3.0,4,4,4,4.0,4,4,4,4.0,4,4,4.0,4,4,3.0,3.0,4.0,4.0,3.0,3,4,4,5.0,3,3.0,3,3.0,3.0,4.0,4.0,4,4,4,3,4,4,4,4,4,4.0,4,4,4,4,5,5,5,3,4,4,0,268,25,0,0,0,63,0,54,0,0,0,0,0,0,0,2982,0,135,0,147,1346,0,0,0,0,401,862,535,4030,104,90,0.0,0.0,0.0,0.0,0.0,0.0,0.0,0.0,0.0,0.0,12.0,4.0,0.0,0.0,0.0,0.0,0.0,19.0,0.0,0.0,0.0,0.0,0.0,0.0,0.0,0.0,83.0,0.0,0.0,20.0,0.0,2.0,0.0,0.0,0.0,0.0,0.0,4650.0,194,1992,104.0,1852,140.0,6.0,4719.312847
91,e,3.0,4,4.0,3,4.0,3.0,4,4,4,4.0,4,4.0,3.0,4,3,4,4.0,3,3,3,3,3,3,3.0,3.0,3.0,4,4,4,4.0,4,3,2,3,3,1,2,2,4,3,4,2,2,4,2,3,2,4,4,3,2,2,4,3,3,2,3,3,3,3,3,3,3,3,3,2,2,3,4,2,4,1,3,3,3,4,3,2,2,4.0,4,4,4,4.0,4,3,4,4.0,4,5,5.0,4,5,3.0,4.0,4.0,4.0,3.0,4,3,4,4.0,4,4.0,4,3.0,2.0,4.0,3.0,4,4,4,4,3,4,5,4,5,4.0,4,3,4,2,5,5,5,2,4,4,0,507,32,0,0,0,101,1,159,0,0,48,2,0,0,3,4558,0,214,0,415,1453,0,0,0,1,296,558,427,2765,99,49,0.0,3.0,0.0,0.0,0.0,0.0,0.0,0.0,0.0,0.0,28.0,4.0,0.0,0.0,0.0,3.0,0.0,12.0,0.0,0.0,0.0,0.0,0.0,0.0,0.0,0.0,70.0,0.0,0.0,4.0,0.0,1.0,0.0,3.0,0.0,0.0,0.0,4797.0,148,1429,99.0,1301,128.0,9.0,2662.753023
90,e,3.0,4,4.0,3,5.0,5.0,4,4,4,5.0,4,5.0,5.0,5,5,4,4.0,3,4,3,4,4,3,3.0,4.0,3.0,3,4,3,3.0,3,4,3,4,4,3,3,2,4,4,3,4,4,4,2,3,3,4,4,4,3,2,4,4,4,3,2,4,2,3,3,4,4,3,3,4,3,4,5,2,4,1,2,3,2,4,2,2,3,4.0,4,4,4,3.0,4,4,4,5.0,4,4,5.0,5,5,2.0,4.0,4.0,4.0,3.0,2,2,4,4.0,4,4.0,4,3.0,4.0,4.0,4.0,4,4,4,3,2,3,5,4,3,4.0,4,4,4,2,4,3,4,3,4,3,0,163,21,0,0,0,10,0,68,2,0,17,1,0,0,0,3213,0,95,0,31,1474,0,0,0,0,173,759,350,1878,66,48,0.0,2.0,0.0,0.0,0.0,0.0,0.0,0.0,0.0,0.0,16.0,3.0,0.0,0.0,0.0,3.0,0.0,11.0,0.0,0.0,0.0,0.0,0.0,0.0,0.0,0.0,112.0,2.0,0.0,3.0,0.0,1.0,0.0,0.0,0.0,0.0,0.0,10914.0,114,1396,66.0,1243,153.0,9.0,3548.545968
94,e,5.0,5,5.0,4,4.0,4.0,4,4,4,4.0,4,5.0,5.0,5,4,4,4.0,3,4,4,4,4,4,5.0,5.0,5.0,2,3,2,2.0,2,4,4,3,3,2,1,3,4,3,3,3,3,3,3,3,2,3,3,2,3,2,3,3,4,3,3,3,3,3,3,3,3,2,3,3,3,3,3,3,3,3,4,3,2,3,2,2,2,4.0,4,4,4,4.0,5,5,4,4.0,4,4,5.0,3,4,3.0,4.0,4.0,4.0,3.0,4,4,4,4.0,4,4.0,4,4.0,4.0,4.0,4.0,4,4,4,4,4,4,5,4,4,,4,4,4,2,4,4,4,4,4,3,1,53,13,25,0,0,18,1,65,1,1,0,1,5,0,0,3037,2,103,0,248,1303,0,0,0,2,249,760,451,1051,55,44,0.0,4.0,0.0,0.0,0.0,0.0,0.0,0.0,0.0,0.0,37.0,15.0,0.0,0.0,1.0,17.0,0.0,14.0,0.0,0.0,0.0,0.0,0.0,0.0,0.0,0.0,47.0,5.0,0.0,2.0,0.0,0.0,0.0,0.0,0.0,0.0,0.0,8824.0,99,1559,55.0,1417,142.0,9.0,4786.138646
72,e,4.0,5,4.0,3,5.0,4.0,5,4,4,4.0,4,5.0,4.0,4,5,3,5.0,2,5,4,5,5,5,5.0,4.0,5.0,2,4,2,1.0,2,4,4,4,4,3,4,4,3,4,4,4,4,4,4,4,4,4,4,4,4,4,4,2,3,4,4,3,3,3,3,4,3,4,3,4,4,3,3,4,4,3,2,4,2,4,4,4,4,4.0,4,4,4,3.0,4,4,4,4.0,4,3,4.0,3,4,3.0,3.0,4.0,4.0,4.0,4,3,4,4.0,4,4.0,4,4.0,4.0,4.0,4.0,4,4,4,4,4,4,4,4,4,4.0,4,4,4,3,5,5,5,4,4,4,1,113,13,0,0,0,7,0,65,0,1,2,1,0,0,0,2600,0,109,0,27,872,0,22,10,0,127,558,303,1358,81,32,0.0,0.0,0.0,0.0,0.0,0.0,0.0,0.0,0.0,0.0,25.0,0.0,0.0,0.0,2.0,0.0,0.0,10.0,0.0,0.0,0.0,0.0,0.0,0.0,0.0,0.0,150.0,5.0,0.0,7.0,0.0,0.0,0.0,1.0,0.0,0.0,0.0,1595.0,113,1101,81.0,901,200.0,7.0,3341.974327
87,e,4.0,4,4.0,4,4.0,4.0,4,4,4,4.0,4,4.0,4.0,4,4,4,4.0,4,3,3,4,3,3,4.0,3.0,4.0,3,4,4,3.0,3,3,3,3,2,2,3,2,1,3,3,2,2,4,2,1,2,3,3,3,3,3,4,4,4,3,4,3,2,2,2,4,3,3,3,3,3,3,4,2,2,3,2,4,3,3,3,2,2,4.0,4,4,4,4.0,4,4,4,4.0,4,4,4.0,4,4,4.0,4.0,4.0,4.0,4.0,3,4,4,5.0,4,4.0,4,3.0,4.0,4.0,4.0,4,4,4,2,3,4,4,4,4,4.0,3,3,4,2,4,5,4,3,3,4,1,174,22,0,0,0,38,0,61,0,1,6,0,1,0,0,2535,1,127,0,299,1105,0,0,0,0,434,1237,496,3728,173,59,0.0,16.0,0.0,0.0,0.0,0.0,0.0,0.0,0.0,0.0,16.0,4.0,0.0,0.0,1.0,0.0,0.0,31.0,0.0,0.0,0.0,0.0,0.0,0.0,0.0,0.0,159.0,0.0,0.0,42.0,0.0,5.0,0.0,4.0,0.0,0.0,0.0,4885.0,232,2399,173.0,2121,278.0,9.0,7996.36077
97,e,5.0,5,5.0,3,5.0,4.0,5,3,5,5.0,4,5.0,4.0,5,5,3,5.0,4,5,5,5,5,4,5.0,4.0,4.0,1,2,3,1.0,3,3,4,4,4,3,3,2,3,3,3,3,2,3,2,2,4,4,3,3,4,2,3,4,4,3,3,3,3,3,3,3,2,3,2,2,2,3,3,3,2,1,2,3,2,2,2,2,3,4.0,4,5,4,4.0,5,5,4,4.0,4,4,4.0,4,4,2.0,3.0,4.0,3.0,3.0,2,3,4,3.0,3,3.0,4,3.0,4.0,4.0,3.0,4,4,4,2,4,4,4,3,3,4.0,4,3,4,2,4,4,3,3,2,2,11,488,15,0,0,30,21,0,65,0,1,57,1,0,0,0,1877,0,91,0,54,820,0,0,0,0,316,599,398,2717,59,37,0.0,9.0,0.0,0.0,0.0,0.0,0.0,0.0,0.0,0.0,5.0,9.0,0.0,0.0,0.0,0.0,0.0,8.0,0.0,0.0,0.0,0.0,0.0,0.0,0.0,0.0,52.0,0.0,0.0,6.0,0.0,2.0,0.0,1.0,0.0,0.0,1.0,4044.0,96,1409,59.0,1316,93.0,9.0,3892.883856
85,e,4.0,4,5.0,4,5.0,3.0,4,3,3,4.0,4,5.0,4.0,4,4,3,4.0,3,4,3,4,3,4,4.0,4.0,4.0,2,4,3,2.0,3,4,4,2,3,2,3,4,1,4,4,4,3,4,4,3,3,3,3,3,4,4,3,3,3,3,4,4,3,3,4,4,3,2,4,4,3,3,5,3,2,1,2,3,3,3,2,3,3,5.0,5,5,4,4.0,4,4,5,5.0,3,5,,4,5,4.0,4.0,3.0,3.0,4.0,3,5,4,4.0,4,3.0,4,4.0,3.0,4.0,4.0,4,5,4,4,4,4,5,4,5,4.0,3,4,4,4,4,4,5,3,4,4,0,279,25,11,0,0,127,0,62,0,0,22,0,0,0,0,2835,0,114,0,326,1462,0,47,22,11,433,1255,560,4643,147,59,0.0,11.0,0.0,0.0,0.0,0.0,0.0,0.0,0.0,0.0,35.0,7.0,0.0,0.0,0.0,4.0,0.0,15.0,0.0,0.0,0.0,0.0,0.0,0.0,0.0,0.0,136.0,0.0,0.0,13.0,0.0,0.0,0.0,2.0,0.0,0.0,0.0,29203.0,206,2454,147.0,2231,223.0,8.0,7573.137008
87,e,4.0,5,5.0,4,5.0,5.0,4,5,5,5.0,5,5.0,5.0,5,5,4,5.0,4,5,5,5,5,5,5.0,5.0,5.0,2,2,2,2.0,4,4,4,4,4,4,4,4,4,4,4,4,4,4,4,4,4,4,4,4,4,4,4,4,4,3,4,4,4,4,4,4,4,4,4,4,4,4,5,4,4,2,4,4,4,4,4,4,4,4.0,5,5,5,5.0,5,5,5,5.0,5,5,5.0,5,5,2.0,4.0,4.0,4.0,4.0,4,4,4,4.0,4,4.0,5,4.0,4.0,4.0,4.0,4,4,4,4,4,5,5,4,4,5.0,5,4,4,2,5,5,5,5,5,5,1,564,44,4,0,0,89,0,85,0,1,37,0,1,0,0,2538,0,120,0,139,1004,0,5,2,6,788,1245,942,4041,93,51,0.0,12.0,0.0,0.0,0.0,0.0,0.0,0.0,0.0,0.0,13.0,9.0,0.0,0.0,4.0,1.0,0.0,12.0,0.0,0.0,0.0,0.0,0.0,0.0,0.0,0.0,97.0,0.0,0.0,22.0,0.0,0.0,0.0,2.0,0.0,0.0,0.0,10012.0,144,3119,93.0,2947,172.0,9.0,7999.606141
76,e,5.0,5,4.0,4,5.0,5.0,5,3,5,5.0,4,3.0,3.0,5,5,5,5.0,5,4,4,5,4,4,4.0,4.0,4.0,1,1,1,1.0,4,3,3,4,4,2,4,3,4,3,3,3,4,4,4,4,4,4,4,4,3,4,3,2,4,3,3,3,4,3,3,4,4,2,4,2,3,3,4,3,3,3,4,3,3,1,2,3,3,5.0,5,5,5,5.0,4,5,3,5.0,4,5,5.0,4,5,5.0,5.0,4.0,5.0,3.0,3,4,5,5.0,4,5.0,5,4.0,5.0,5.0,4.0,4,5,5,4,3,5,5,4,5,5.0,4,4,4,1,4,5,5,4,3,4,0,134,12,0,0,0,7,0,58,0,0,16,0,0,0,0,2140,3,93,0,47,884,0,0,0,0,7,20,18,69,4,6,0.0,0.0,0.0,0.0,0.0,0.0,0.0,0.0,0.0,0.0,1.0,0.0,0.0,0.0,0.0,0.0,0.0,0.0,0.0,0.0,0.0,0.0,0.0,0.0,0.0,0.0,0.0,1.0,0.0,0.0,0.0,0.0,0.0,0.0,0.0,0.0,0.0,537.0,10,55,4.0,53,2.0,2.0,146.056431
78,e,4.0,5,4.0,4,4.0,3.0,2,3,5,5.0,4,5.0,4.0,4,4,3,4.0,3,3,2,4,2,3,3.0,3.0,3.0,2,2,2,2.0,4,3,2,4,3,4,2,3,4,2,3,3,1,3,2,3,3,3,2,3,3,1,4,4,4,2,2,4,2,2,2,2,2,1,2,2,3,4,3,2,3,1,3,3,2,1,1,1,3,4.0,4,4,4,4.0,4,5,5,5.0,4,4,4.0,3,4,3.0,4.0,4.0,4.0,4.0,3,3,4,3.0,3,4.0,4,3.0,4.0,4.0,4.0,4,5,4,3,3,3,5,3,3,4.0,4,2,4,2,3,4,3,2,2,3,18,140,21,2,0,42,40,0,88,0,3,20,2,1,0,0,3192,0,152,0,321,1803,0,0,0,0,340,1799,487,6170,244,92,0.0,15.0,0.0,0.0,0.0,0.0,0.0,0.0,0.0,0.0,26.0,0.0,0.0,0.0,0.0,13.0,1.0,21.0,0.0,0.0,0.0,0.0,0.0,0.0,0.0,0.0,152.0,2.0,0.0,21.0,0.0,0.0,0.0,1.0,0.0,0.0,0.0,8947.0,336,2962,244.0,2710,252.0,9.0,12182.422691
94,e,5.0,4,4.0,4,4.0,4.0,5,3,3,4.0,4,4.0,4.0,4,3,4,4.0,4,4,4,5,4,4,4.0,4.0,4.0,2,4,4,4.0,4,3,3,3,1,4,3,3,2,3,2,2,3,1,3,2,1,3,2,3,2,2,3,3,3,3,3,3,3,2,2,3,2,3,3,2,2,3,3,2,3,1,1,3,3,2,1,1,1,4.0,4,4,4,3.0,3,4,3,4.0,3,3,4.0,2,4,3.0,3.0,3.0,3.0,2.0,3,2,4,3.0,2,3.0,4,3.0,3.0,4.0,5.0,3,4,4,4,4,4,5,5,4,4.0,4,4,4,2,3,4,3,3,4,3,3,123,20,0,0,0,86,0,65,0,2,13,0,0,0,0,2601,0,87,0,699,1439,0,0,0,0,13,58,28,120,16,16,0.0,4.0,0.0,0.0,0.0,0.0,0.0,0.0,0.0,0.0,0.0,0.0,0.0,0.0,0.0,0.0,0.0,4.0,0.0,0.0,0.0,0.0,0.0,0.0,0.0,0.0,5.0,0.0,0.0,0.0,0.0,0.0,0.0,0.0,0.0,0.0,0.0,1582.0,32,131,16.0,118,13.0,3.0,447.172176
94,e,3.0,3,3.0,3,3.0,3.0,3,3,3,3.0,3,3.0,3.0,3,3,3,3.0,3,3,3,3,3,3,3.0,3.0,3.0,3,3,3,3.0,3,2,2,2,2,2,2,2,2,2,2,2,2,2,2,2,1,1,1,1,1,1,1,1,1,1,1,1,1,1,1,1,1,1,1,1,2,2,2,2,2,2,1,1,2,2,2,2,1,4.0,4,4,4,4.0,4,4,4,4.0,4,4,4.0,4,3,3.0,4.0,4.0,4.0,3.0,3,4,4,4.0,3,4.0,4,3.0,4.0,4.0,4.0,3,3,3,3,3,4,4,2,3,3.0,3,2,4,3,3,3,3,3,4,2,1,79,17,0,0,0,29,0,95,0,1,9,0,2,0,0,3185,1,121,0,160,1190,0,2,0,0,180,366,217,1646,36,25,0.0,2.0,0.0,0.0,0.0,0.0,0.0,0.0,0.0,0.0,2.0,6.0,0.0,0.0,0.0,0.0,0.0,6.0,0.0,0.0,0.0,0.0,0.0,0.0,0.0,0.0,25.0,0.0,0.0,7.0,0.0,0.0,0.0,1.0,0.0,0.0,0.0,8280.0,61,824,36.0,775,49.0,7.0,2065.421388
97,e,5.0,5,5.0,5,4.0,4.0,4,4,4,4.0,4,4.0,4.0,4,4,2,4.0,2,4,4,4,4,4,4.0,4.0,4.0,2,4,4,4.0,4,3,3,3,3,3,3,3,3,2,3,3,2,3,2,2,3,3,3,3,3,2,4,3,3,3,2,3,3,3,3,3,3,2,2,2,3,3,3,3,3,2,2,3,2,2,2,2,3,4.0,4,4,4,4.0,4,4,4,4.0,4,4,4.0,4,4,3.0,4.0,4.0,4.0,4.0,2,4,4,4.0,4,4.0,3,3.0,3.0,4.0,4.0,4,3,4,3,5,4,4,5,4,4.0,4,3,4,2,4,4,4,4,4,4,1,272,16,16,0,0,30,7,23,0,0,15,0,2,0,0,1589,1,38,0,40,915,0,0,0,8,12,31,25,73,4,3,0.0,0.0,0.0,0.0,0.0,0.0,0.0,0.0,0.0,0.0,0.0,0.0,0.0,0.0,0.0,0.0,0.0,1.0,0.0,0.0,0.0,0.0,0.0,0.0,0.0,0.0,0.0,0.0,0.0,0.0,0.0,0.0,0.0,0.0,0.0,0.0,0.0,604.0,7,75,4.0,74,1.0,1.0,135.8557
85,e,3.0,3,3.0,3,4.0,4.0,4,4,4,4.0,4,4.0,4.0,4,4,3,4.0,3,3,3,4,2,3,3.0,3.0,3.0,3,4,4,4.0,4,3,3,3,3,3,3,2,3,3,3,3,3,3,2,2,3,3,3,3,3,3,3,3,3,2,3,3,3,3,3,3,3,3,3,3,3,3,3,3,3,2,2,3,2,3,3,3,3,4.0,4,4,4,4.0,3,4,4,4.0,4,5,4.0,4,4,3.0,2.0,4.0,4.0,2.0,3,4,4,4.0,4,4.0,4,4.0,4.0,4.0,4.0,4,4,3,4,5,4,5,4,5,5.0,4,3,4,2,4,4,5,3,4,4,0,132,11,0,0,0,16,0,37,0,0,8,1,1,0,1,2313,0,73,0,62,1102,0,0,0,0,4,25,7,71,2,4,0.0,0.0,0.0,0.0,0.0,0.0,0.0,0.0,0.0,0.0,0.0,0.0,0.0,0.0,0.0,0.0,0.0,1.0,0.0,0.0,0.0,0.0,0.0,0.0,0.0,0.0,1.0,0.0,0.0,0.0,0.0,0.0,0.0,0.0,0.0,0.0,0.0,1678.0,6,42,2.0,40,2.0,2.0,123.543206
96,e,4.0,4,5.0,4,3.0,3.0,3,3,5,5.0,4,4.0,4.0,4,4,4,4.0,4,4,4,4,4,4,4.0,4.0,4.0,2,3,2,2.0,2,3,3,2,2,2,2,2,2,2,2,2,2,2,2,2,3,2,2,2,3,3,3,3,3,2,2,3,3,3,2,3,2,2,3,2,3,2,2,2,3,2,2,3,2,3,2,2,2,3.0,4,4,3,,4,4,3,4.0,4,4,4.0,3,4,4.0,4.0,4.0,4.0,4.0,4,4,4,4.0,3,4.0,4,4.0,4.0,4.0,3.0,4,4,4,4,4,4,5,3,4,5.0,4,4,4,2,4,4,4,4,4,3,1,398,36,123,0,0,86,0,56,0,1,30,2,2,0,59,1651,0,78,0,225,806,0,0,0,2,38,108,77,363,16,15,0.0,1.0,0.0,0.0,0.0,0.0,0.0,0.0,0.0,0.0,2.0,10.0,0.0,0.0,0.0,0.0,0.0,0.0,0.0,0.0,0.0,0.0,0.0,0.0,0.0,0.0,7.0,0.0,0.0,1.0,0.0,0.0,0.0,0.0,0.0,0.0,0.0,8519.0,31,254,16.0,233,21.0,5.0,503.722841
90,e,2.0,4,4.0,5,2.0,1.0,3,2,4,5.0,4,4.0,4.0,5,4,3,4.0,2,3,3,4,3,4,4.0,2.0,3.0,2,4,3,3.0,2,3,3,4,4,2,3,3,3,3,3,3,2,4,2,4,3,3,3,3,2,2,4,4,3,3,3,3,3,3,3,3,3,2,2,2,3,3,3,2,2,2,3,3,3,2,3,3,3,4.0,3,5,4,4.0,4,5,4,4.0,4,4,4.0,5,4,4.0,4.0,5.0,4.0,5.0,3,4,3,4.0,4,4.0,4,4.0,3.0,4.0,3.0,3,4,3,3,3,4,5,4,4,4.0,4,3,4,2,4,5,4,3,4,4,0,206,17,0,0,0,25,0,51,0,0,14,0,0,0,0,2328,1,68,0,43,1528,0,0,0,0,208,717,422,2652,75,52,0.0,9.0,0.0,0.0,0.0,0.0,0.0,0.0,0.0,0.0,5.0,0.0,0.0,0.0,1.0,7.0,0.0,13.0,0.0,0.0,0.0,0.0,0.0,0.0,0.0,0.0,77.0,1.0,0.0,21.0,0.0,0.0,0.0,0.0,0.0,0.0,0.0,6719.0,127,1474,75.0,1340,134.0,8.0,3952.885897
97,e,4.0,4,4.0,3,4.0,3.0,4,4,4,4.0,4,4.0,4.0,4,4,4,4.0,4,4,4,4,4,4,4.0,4.0,4.0,2,2,3,2.0,3,3,3,3,4,1,3,2,3,4,4,3,2,3,2,2,2,3,3,3,3,3,3,4,4,2,2,3,2,4,3,3,2,2,2,2,2,3,4,3,3,1,1,3,3,2,2,2,2,4.0,4,3,3,4.0,4,4,3,4.0,4,3,3.0,3,3,2.0,4.0,4.0,4.0,4.0,3,4,4,3.0,3,4.0,4,3.0,4.0,4.0,3.0,3,3,4,2,4,4,4,3,3,4.0,4,4,4,2,4,4,4,4,4,4,0,278,15,0,0,0,45,0,84,0,0,14,1,0,0,0,3039,0,102,0,194,1039,0,0,0,0,162,352,228,1526,27,24,0.0,0.0,0.0,0.0,0.0,0.0,0.0,0.0,0.0,0.0,4.0,0.0,0.0,0.0,0.0,1.0,0.0,5.0,0.0,0.0,0.0,0.0,0.0,0.0,0.0,0.0,14.0,4.0,0.0,3.0,0.0,0.0,0.0,3.0,0.0,0.0,0.0,20976.0,51,793,27.0,759,34.0,7.0,1947.832951
85,e,4.0,5,4.0,4,5.0,5.0,4,1,4,5.0,5,5.0,5.0,5,4,2,4.0,1,3,2,4,2,3,4.0,3.0,4.0,3,2,2,4.0,5,4,4,4,4,2,4,4,4,4,4,4,4,2,3,4,4,4,4,3,4,4,4,4,4,4,4,4,4,4,4,4,4,4,4,4,4,3,4,4,4,2,3,4,4,3,4,4,4,4.0,4,4,5,4.0,3,5,5,4.0,5,4,4.0,4,5,3.0,4.0,4.0,5.0,4.0,4,3,4,5.0,3,4.0,5,4.0,2.0,5.0,5.0,3,5,5,4,2,4,5,4,4,4.0,5,4,5,2,4,5,5,3,2,4,59,487,83,0,0,108,75,0,89,0,56,37,0,0,0,0,2754,0,142,0,93,755,0,0,0,0,797,1580,1047,7552,164,83,0.0,6.0,0.0,0.0,0.0,0.0,0.0,0.0,0.0,0.0,16.0,2.0,0.0,0.0,2.0,1.0,0.0,16.0,0.0,0.0,0.0,5.0,0.0,0.0,0.0,0.0,75.0,0.0,0.0,30.0,0.0,1.0,0.0,13.0,0.0,0.0,0.0,11929.0,247,3671,164.0,3504,167.0,11.0,9176.337113
90,e,4.0,4,5.0,4,4.0,4.0,4,3,3,4.0,4,4.0,4.0,4,3,3,3.0,3,3,3,4,3,3,4.0,3.0,3.0,3,4,3,3.0,3,3,3,2,3,2,3,2,3,3,3,2,3,3,3,2,3,3,3,3,3,1,4,3,4,2,3,3,3,3,3,3,2,3,3,1,1,2,3,2,2,1,1,3,1,2,2,1,1,4.0,4,5,4,4.0,5,3,3,4.0,3,3,4.0,2,4,2.0,3.0,3.0,2.0,4.0,2,3,3,4.0,2,2.0,4,3.0,4.0,4.0,3.0,3,3,3,3,2,3,5,5,4,4.0,4,3,4,2,3,4,4,3,4,3,55,83,15,1,0,43,2,0,50,0,5,13,1,2,0,1,2432,1,103,0,32,1372,0,0,0,1,13,41,49,281,15,12,0.0,0.0,0.0,0.0,0.0,0.0,0.0,0.0,0.0,0.0,4.0,0.0,0.0,0.0,0.0,1.0,0.0,1.0,0.0,0.0,0.0,0.0,0.0,0.0,0.0,0.0,6.0,0.0,0.0,0.0,0.0,0.0,0.0,0.0,0.0,0.0,0.0,7259.0,27,130,15.0,118,12.0,4.0,125.275498
88,e,4.0,3,3.0,3,4.0,2.0,2,2,4,4.0,4,5.0,3.0,4,4,3,4.0,3,4,3,2,2,3,4.0,3.0,4.0,3,4,4,2.0,2,3,3,3,2,3,3,2,3,4,3,3,3,4,2,2,3,3,3,4,4,2,3,3,3,4,3,4,3,3,4,4,4,2,3,3,3,3,5,2,2,1,3,4,3,3,4,4,4,3.0,3,4,4,3.0,4,4,3,3.0,4,4,4.0,3,4,2.0,2.0,3.0,2.0,2.0,3,4,4,4.0,4,3.0,4,2.0,4.0,4.0,4.0,3,4,4,2,3,4,5,3,4,4.0,4,3,4,3,4,4,4,2,4,2,0,169,17,121,0,0,21,0,68,1,0,4,0,1,0,3,2909,2,136,0,112,1110,0,0,0,0,145,308,247,1190,45,43,0.0,0.0,0.0,0.0,0.0,0.0,0.0,0.0,0.0,0.0,12.0,0.0,0.0,0.0,0.0,0.0,0.0,11.0,0.0,0.0,0.0,0.0,0.0,0.0,0.0,0.0,31.0,0.0,0.0,0.0,0.0,0.0,0.0,0.0,0.0,0.0,0.0,17641.0,88,788,45.0,734,54.0,3.0,1415.157908
89,e,4.0,4,4.0,3,4.0,3.0,3,3,4,4.0,4,4.0,4.0,4,4,4,4.0,3,3,3,4,4,4,4.0,3.0,4.0,3,4,3,2.0,4,3,3,3,3,3,3,3,3,3,3,3,3,3,2,3,3,3,3,4,4,3,4,2,3,3,3,3,2,3,3,3,3,3,3,3,3,3,4,4,4,2,2,3,3,3,3,3,3,4.0,4,5,5,4.0,4,4,5,5.0,4,4,4.0,3,4,3.0,4.0,4.0,4.0,4.0,3,4,4,4.0,4,4.0,4,3.0,4.0,4.0,4.0,4,5,5,3,4,4,5,4,3,4.0,4,3,5,3,4,5,5,3,4,3,21,350,35,0,0,39,19,0,35,0,4,44,1,0,0,0,1598,0,87,0,50,521,0,0,0,0,339,800,560,4347,101,55,0.0,2.0,0.0,0.0,0.0,0.0,0.0,0.0,0.0,0.0,13.0,2.0,0.0,0.0,5.0,4.0,0.0,9.0,0.0,0.0,0.0,0.0,0.0,0.0,0.0,0.0,92.0,0.0,0.0,4.0,0.0,1.0,0.0,0.0,0.0,0.0,0.0,5567.0,156,1855,101.0,1723,132.0,9.0,3904.719448
99,e,4.0,4,4.0,4,4.0,3.0,5,3,3,3.0,4,4.0,4.0,4,4,5,4.0,5,5,5,5,5,5,5.0,5.0,5.0,1,4,1,1.0,1,3,3,3,3,1,2,2,2,4,4,4,4,4,3,4,4,3,4,4,3,3,4,3,4,4,3,3,3,3,3,4,2,1,3,1,1,3,5,1,2,1,2,2,1,2,2,4,4,3.0,3,3,3,4.0,3,4,2,3.0,4,2,2.0,2,1,4.0,4.0,3.0,3.0,4.0,4,4,4,4.0,2,4.0,4,5.0,3.0,4.0,3.0,3,4,3,4,4,5,5,3,3,5.0,4,5,4,1,3,3,2,2,1,1,0,0,16,0,0,0,38,0,77,0,0,0,0,0,0,0,2000,0,90,0,108,536,0,0,0,0,2,15,6,38,3,3,0.0,0.0,0.0,0.0,0.0,0.0,0.0,0.0,0.0,0.0,0.0,0.0,0.0,0.0,0.0,0.0,0.0,0.0,0.0,0.0,0.0,0.0,0.0,0.0,0.0,0.0,4.0,0.0,0.0,0.0,0.0,0.0,0.0,0.0,0.0,0.0,0.0,365.0,6,29,3.0,25,4.0,1.0,35.54119
99,e,3.0,3,3.0,3,3.0,3.0,3,3,3,3.0,3,3.0,3.0,3,3,3,3.0,3,3,3,3,3,3,3.0,3.0,3.0,3,3,3,3.0,3,3,3,3,3,3,3,3,3,3,3,3,3,3,3,3,3,3,3,3,3,3,3,3,3,3,3,3,3,3,3,3,3,3,3,3,3,3,3,3,3,3,3,3,3,3,3,3,3,4.0,4,4,4,4.0,4,4,4,4.0,4,4,4.0,4,4,4.0,4.0,4.0,4.0,4.0,2,4,4,4.0,4,4.0,4,2.0,4.0,4.0,4.0,4,4,4,2,4,4,4,2,2,2.0,4,2,4,2,4,4,4,4,4,2,0,0,7,0,0,0,2,0,8,0,0,0,0,0,0,1,699,0,27,0,5,362,0,0,0,0,0,0,0,0,0,2,0.0,0.0,0.0,0.0,0.0,0.0,0.0,0.0,0.0,0.0,0.0,0.0,0.0,0.0,0.0,0.0,0.0,0.0,0.0,0.0,0.0,0.0,0.0,0.0,0.0,0.0,0.0,0.0,0.0,0.0,0.0,0.0,0.0,0.0,0.0,0.0,0.0,0.0,2,2,0.0,2,0.0,0.0,0.0
88,e,4.0,4,3.0,3,4.0,4.0,4,3,5,4.0,3,5.0,4.0,5,4,3,4.0,3,3,3,3,3,3,4.0,3.0,3.0,3,4,4,3.0,3,4,4,4,4,4,4,3,3,2,3,3,2,4,2,3,4,3,3,3,3,2,3,4,3,3,3,3,3,3,3,3,3,2,3,3,3,3,4,3,2,3,3,3,3,2,1,2,3,4.0,3,4,4,4.0,4,4,4,4.0,4,4,4.0,3,4,4.0,4.0,4.0,4.0,4.0,4,3,4,3.0,4,4.0,3,3.0,4.0,4.0,4.0,4,3,4,4,3,3,5,4,3,4.0,4,4,4,3,4,4,4,3,2,4,0,279,18,1,0,0,43,0,84,0,0,14,0,0,0,0,6413,0,224,0,43,2311,0,0,0,0,484,855,691,3849,195,66,0.0,7.0,0.0,0.0,0.0,0.0,0.0,0.0,0.0,0.0,19.0,3.0,0.0,0.0,1.0,0.0,0.0,18.0,0.0,0.0,0.0,0.0,0.0,0.0,0.0,0.0,88.0,0.0,0.0,13.0,0.0,5.0,0.0,2.0,0.0,0.0,0.0,6152.0,261,2291,195.0,2135,156.0,9.0,4394.600757
86,e,4.0,4,4.0,4,4.0,3.0,5,3,4,4.0,4,5.0,3.0,4,4,4,5.0,4,4,4,4,3,4,4.0,4.0,4.0,2,3,3,3.0,3,3,3,3,3,1,3,3,2,4,4,4,4,4,2,3,3,4,4,4,4,3,4,2,4,3,2,4,3,3,2,3,3,3,3,3,3,3,4,3,3,3,2,3,2,3,2,3,3,4.0,4,3,3,4.0,4,4,4,4.0,4,3,3.0,3,4,3.0,4.0,4.0,4.0,3.0,3,4,4,4.0,3,4.0,3,4.0,3.0,,4.0,3,4,4,3,3,3,4,4,4,4.0,3,4,4,2,4,4,4,4,2,2,0,247,31,0,0,0,10,0,39,1,0,6,0,0,0,0,2130,0,109,0,76,979,0,0,0,0,188,549,270,2593,106,48,0.0,1.0,0.0,0.0,0.0,0.0,0.0,0.0,0.0,0.0,2.0,2.0,0.0,0.0,0.0,1.0,0.0,13.0,0.0,0.0,0.0,0.0,0.0,0.0,0.0,0.0,58.0,0.0,0.0,18.0,0.0,0.0,0.0,4.0,0.0,0.0,0.0,5643.0,154,1161,106.0,1062,99.0,8.0,2004.148946
80,e,4.0,4,4.0,3,4.0,4.0,4,3,4,4.0,4,4.0,4.0,4,5,3,5.0,4,4,3,4,4,3,3.0,3.0,4.0,4,4,4,5.0,4,3,3,3,3,3,3,2,3,3,2,3,2,4,4,3,3,2,4,4,4,2,4,3,4,1,2,4,4,4,4,4,3,3,3,3,2,3,4,4,3,1,2,3,2,2,3,2,4,4.0,4,4,4,4.0,3,4,3,4.0,4,4,4.0,3,4,3.0,3.0,5.0,4.0,3.0,3,3,4,4.0,3,4.0,4,2.0,4.0,4.0,4.0,4,4,4,2,3,4,5,4,3,5.0,5,4,5,2,4,5,5,4,5,5,1,428,33,0,0,0,86,0,104,0,1,10,0,0,0,0,3829,0,147,0,17,1631,0,29,8,0,31,54,50,223,22,9,0.0,0.0,0.0,0.0,0.0,0.0,0.0,0.0,0.0,0.0,0.0,0.0,0.0,0.0,0.0,0.0,0.0,2.0,0.0,0.0,0.0,0.0,0.0,0.0,0.0,0.0,5.0,0.0,0.0,0.0,0.0,0.0,0.0,0.0,0.0,0.0,0.0,14660.0,31,166,22.0,159,7.0,2.0,193.725272
92,e,5.0,5,5.0,4,4.0,4.0,4,4,5,5.0,5,5.0,5.0,5,5,4,5.0,5,5,5,5,5,5,5.0,5.0,5.0,2,3,3,3.0,3,3,3,3,3,3,3,2,3,2,2,3,2,3,2,3,3,3,3,3,2,2,3,3,3,2,3,3,3,3,3,3,3,2,3,3,3,3,4,3,3,2,3,3,2,2,2,2,2,4.0,4,4,4,4.0,4,4,4,4.0,4,4,4.0,4,4,3.0,4.0,4.0,4.0,4.0,3,4,4,4.0,4,4.0,4,3.0,4.0,4.0,4.0,4,4,4,4,4,4,5,4,4,4.0,4,4,4,2,4,4,5,5,5,5,1,190,15,1,0,0,16,1,100,0,1,1,0,3,0,0,3757,1,131,0,13,1403,0,36,9,1,217,587,374,1436,44,26,0.0,5.0,0.0,0.0,0.0,0.0,0.0,0.0,0.0,0.0,8.0,0.0,0.0,0.0,0.0,5.0,0.0,10.0,0.0,0.0,0.0,4.0,0.0,0.0,0.0,0.0,65.0,0.0,0.0,6.0,0.0,0.0,0.0,1.0,0.0,0.0,0.0,3200.0,70,1248,44.0,1144,104.0,8.0,3355.798913
88,e,3.0,3,3.0,3,4.0,3.0,4,3,4,4.0,3,4.0,4.0,4,4,4,4.0,4,3,3,4,3,3,3.0,3.0,3.0,2,4,3,3.0,2,3,2,2,3,2,2,2,2,3,3,2,2,3,2,2,3,3,2,3,3,2,3,3,3,3,2,3,2,3,3,3,3,3,3,3,3,3,3,2,3,2,2,3,3,2,3,3,3,4.0,3,4,4,3.0,4,4,4,3.0,4,3,4.0,3,4,4.0,3.0,4.0,4.0,4.0,3,3,3,4.0,3,4.0,4,3.0,4.0,4.0,4.0,3,4,4,3,2,4,4,4,4,4.0,4,4,3,3,3,4,4,3,4,4,6,89,13,0,0,15,18,0,57,0,3,19,0,2,0,12,2009,0,83,0,60,1037,0,0,0,0,261,536,314,1945,96,37,0.0,3.0,0.0,0.0,0.0,0.0,0.0,0.0,0.0,0.0,31.0,1.0,0.0,0.0,0.0,0.0,0.0,19.0,0.0,0.0,0.0,0.0,0.0,0.0,0.0,0.0,55.0,0.0,0.0,5.0,0.0,0.0,0.0,2.0,0.0,0.0,0.0,4723.0,133,1244,96.0,1128,116.0,7.0,2473.191114
75,g,3.0,4,5.0,5,5.0,5.0,3,3,5,5.0,5,5.0,5.0,5,4,4,4.0,4,3,4,4,4,4,3.0,3.0,4.0,3,3,4,4.0,4,4,4,4,4,3,4,4,4,4,4,4,4,4,3,4,4,4,4,4,4,3,4,4,4,4,4,4,4,4,4,4,4,4,4,4,4,4,5,4,4,2,4,4,4,4,4,4,4,4.0,4,4,4,4.0,4,4,4,4.0,4,4,4.0,4,4,3.0,4.0,4.0,4.0,4.0,3,4,4,4.0,4,4.0,3,3.0,4.0,4.0,4.0,4,4,4,2,4,4,4,3,3,3.0,4,3,4,3,4,4,4,3,3,4,0,0,6,0,0,0,0,0,78,0,0,0,0,0,0,0,2927,0,149,0,37,1020,0,0,0,0,235,809,344,3333,230,87,0.0,6.0,0.0,0.0,0.0,0.0,0.0,0.0,0.0,0.0,4.0,0.0,0.0,0.0,4.0,0.0,0.0,19.0,0.0,0.0,0.0,0.0,0.0,0.0,0.0,0.0,86.0,0.0,0.0,9.0,0.0,0.0,0.0,0.0,0.0,0.0,0.0,2526.0,317,1705,230.0,1577,128.0,6.0,5204.65617
75,g,3.0,4,5.0,5,5.0,5.0,3,3,5,5.0,5,5.0,5.0,5,4,4,4.0,4,3,4,4,4,4,3.0,3.0,4.0,3,3,4,4.0,4,4,4,4,4,3,4,4,4,4,4,4,4,4,3,4,4,4,4,4,4,3,4,4,4,4,4,4,4,4,4,4,4,4,4,4,4,4,5,4,4,2,4,4,4,4,4,4,4,5.0,5,5,5,4.0,4,4,4,4.0,4,4,4.0,4,4,4.0,4.0,4.0,4.0,4.0,3,4,4,4.0,4,4.0,4,3.0,4.0,4.0,4.0,4,5,5,3,3,3,4,3,2,2.0,4,2,4,1,2,3,5,5,5,4,0,0,6,0,0,0,0,0,78,0,0,0,0,0,0,0,2927,0,149,0,37,1020,0,0,0,0,235,809,344,3333,230,87,0.0,6.0,0.0,0.0,0.0,0.0,0.0,0.0,0.0,0.0,4.0,0.0,0.0,0.0,4.0,0.0,0.0,19.0,0.0,0.0,0.0,0.0,0.0,0.0,0.0,0.0,86.0,0.0,0.0,9.0,0.0,0.0,0.0,0.0,0.0,0.0,0.0,2526.0,317,1705,230.0,1577,128.0,6.0,5204.65617
96,g,4.0,5,5.0,4,4.0,3.0,4,3,4,4.0,4,4.0,4.0,4,5,5,5.0,3,4,5,5,5,5,5.0,5.0,5.0,4,1,4,1.0,1,4,3,4,4,1,4,4,4,3,3,4,2,4,2,4,1,4,4,2,2,3,4,3,4,2,2,4,3,1,3,3,2,2,3,1,4,3,4,2,3,1,3,3,2,1,2,3,4,4.0,4,4,4,3.0,3,5,5,3.0,4,3,4.0,4,4,2.0,4.0,4.0,5.0,5.0,4,4,3,5.0,5,4.0,1,2.0,4.0,3.0,5.0,2,5,3,2,5,2,4,2,1,2.0,2,4,3,4,3,2,5,2,4,3,2,56,14,3,0,0,2,0,33,0,2,1,3,1,0,0,1209,1,45,0,9,586,0,0,0,0,284,623,282,2570,206,54,0.0,2.0,0.0,0.0,0.0,0.0,0.0,0.0,0.0,0.0,7.0,4.0,0.0,0.0,8.0,3.0,1.0,5.0,0.0,0.0,0.0,0.0,0.0,0.0,0.0,0.0,37.0,0.0,0.0,6.0,0.0,0.0,0.0,1.0,0.0,0.0,1.0,4027.0,260,1449,206.0,1374,75.0,11.0,3908.123134
92,g,4.0,4,4.0,4,4.0,4.0,4,3,4,4.0,4,4.0,4.0,4,4,3,4.0,2,4,4,4,4,4,4.0,4.0,4.0,2,2,2,2.0,2,4,4,4,4,3,4,4,4,4,4,4,4,4,4,4,4,4,4,4,4,4,4,4,4,4,4,4,4,4,4,4,4,4,4,4,4,3,3,3,3,3,3,2,2,3,3,4,3,4.0,4,4,4,4.0,4,4,4,4.0,4,4,4.0,4,4,4.0,4.0,4.0,4.0,4.0,2,4,4,4.0,4,4.0,4,2.0,4.0,4.0,4.0,4,4,4,2,4,4,4,2,2,2.0,3,3,4,4,4,4,4,4,4,4,2,256,10,0,0,0,6,0,87,0,2,18,0,1,0,0,4439,0,143,0,16,2041,0,0,0,0,1026,1246,1319,5553,476,70,0.0,7.0,0.0,0.0,0.0,0.0,0.0,0.0,0.0,0.0,29.0,1.0,0.0,0.0,0.0,7.0,0.0,27.0,0.0,0.0,0.0,0.0,0.0,0.0,0.0,0.0,165.0,0.0,0.0,9.0,0.0,0.0,0.0,2.0,0.0,0.0,1.0,3440.0,546,4137,476.0,3889,248.0,9.0,7574.56787
86,g,4.0,4,3.0,3,4.0,4.0,4,4,4,4.0,4,4.0,4.0,4,4,4,4.0,3,4,4,4,4,4,4.0,3.0,4.0,3,4,3,2.0,4,3,3,3,3,3,3,3,2,2,3,3,3,3,2,3,3,3,3,3,3,2,3,2,3,3,2,3,2,3,3,3,3,3,3,3,3,3,3,2,3,1,1,3,2,3,2,3,2,3.0,3,4,4,4.0,3,4,4,4.0,4,4,4.0,4,4,4.0,4.0,4.0,4.0,4.0,3,3,3,2.0,2,3.0,4,2.0,4.0,3.0,4.0,3,4,4,2,4,4,4,2,2,2.0,3,3,3,3,4,4,4,4,4,4,0,332,25,0,0,0,44,0,129,0,0,2,0,0,0,0,2841,0,182,0,206,1070,0,0,0,0,663,1126,1051,4129,291,80,0.0,7.0,0.0,0.0,0.0,0.0,0.0,0.0,0.0,0.0,14.0,12.0,0.0,0.0,2.0,2.0,0.0,6.0,0.0,0.0,0.0,0.0,0.0,0.0,0.0,0.0,98.0,0.0,0.0,11.0,0.0,3.0,0.0,10.0,0.0,0.0,0.0,2643.0,371,3211,291.0,3046,165.0,10.0,6796.306669
79,g,2.0,2,4.0,3,4.0,3.0,2,3,4,4.0,3,4.0,2.0,4,4,4,3.0,3,2,2,4,2,3,3.0,2.0,2.0,4,4,3,4.0,4,3,2,4,3,3,2,2,1,3,3,2,2,4,1,2,4,4,2,3,3,2,4,4,4,2,3,4,2,2,3,3,2,2,2,2,2,3,2,3,2,1,2,4,2,2,3,2,4,4.0,4,4,4,4.0,4,4,4,4.0,4,5,4.0,5,5,3.0,3.0,4.0,5.0,4.0,4,3,4,3.0,5,2.0,3,2.0,3.0,4.0,3.0,4,5,3,4,5,3,4,3,2,3.0,5,3,3,3,4,2,4,5,5,5,8,99,17,0,0,0,10,0,130,3,2,15,0,2,0,0,5047,3,202,0,161,1948,0,0,0,0,1247,747,1725,4422,343,75,0.0,6.0,0.0,0.0,0.0,0.0,0.0,0.0,0.0,0.0,24.0,0.0,0.0,0.0,4.0,0.0,0.0,13.0,0.0,0.0,0.0,0.0,0.0,0.0,0.0,0.0,102.0,0.0,0.0,8.0,0.0,4.0,0.0,2.0,0.0,0.0,0.0,6317.0,418,4137,343.0,3974,163.0,8.0,3982.982922
55,g,4.0,4,4.0,4,4.0,4.0,4,4,4,4.0,4,4.0,4.0,4,4,4,4.0,4,4,4,4,4,4,4.0,4.0,4.0,4,4,4,4.0,4,3,3,3,3,2,3,2,3,3,3,2,2,4,2,3,3,3,3,3,2,3,4,4,4,4,2,3,2,3,4,4,2,3,3,3,3,3,5,4,2,1,3,4,2,4,4,4,4,4.0,4,4,4,4.0,3,4,3,4.0,3,5,4.0,3,5,3.0,3.0,4.0,4.0,3.0,3,4,5,4.0,4,4.0,4,3.0,3.0,5.0,4.0,4,4,4,3,2,4,4,2,2,2.0,4,2,4,2,2,2,4,5,5,4,0,154,9,0,0,0,7,0,45,0,0,6,0,0,0,0,1937,0,81,0,57,810,0,1,0,0,285,817,297,3433,321,63,0.0,4.0,0.0,0.0,0.0,0.0,0.0,0.0,0.0,0.0,15.0,3.0,0.0,0.0,2.0,0.0,0.0,19.0,0.0,0.0,0.0,0.0,0.0,0.0,0.0,0.0,112.0,0.0,0.0,18.0,0.0,1.0,0.0,0.0,0.0,0.0,0.0,2676.0,384,1783,321.0,1609,174.0,8.0,5586.140661
88,g,3.0,4,4.0,4,3.0,3.0,3,3,4,4.0,3,4.0,3.0,4,4,4,4.0,4,3,3,4,3,3,3.0,3.0,3.0,3,3,3,3.0,3,2,2,2,3,1,3,2,3,3,3,2,3,3,1,3,3,2,3,4,1,3,3,3,3,3,3,3,3,3,3,3,3,1,1,3,3,3,3,2,3,1,1,3,2,1,1,3,3,2.0,2,4,3,3.0,4,4,3,4.0,4,3,4.0,2,3,3.0,3.0,4.0,4.0,4.0,3,4,4,4.0,2,4.0,4,2.0,4.0,4.0,3.0,3,3,3,3,4,3,4,3,3,3.0,4,4,4,3,3,3,4,4,4,3,1,126,4,0,0,0,3,0,51,0,1,2,0,15,0,0,2047,7,68,0,6,889,0,0,0,0,363,665,514,2329,179,38,0.0,0.0,0.0,0.0,0.0,0.0,0.0,0.0,0.0,0.0,6.0,0.0,0.0,0.0,1.0,0.0,0.0,2.0,0.0,0.0,0.0,0.0,0.0,0.0,0.0,0.0,81.0,0.0,0.0,0.0,0.0,3.0,0.0,1.0,0.0,0.0,0.0,6185.0,217,1759,179.0,1665,94.0,6.0,4341.919437
90,g,4.0,4,4.0,4,4.0,3.0,4,4,4,4.0,4,4.0,4.0,4,4,4,4.0,4,4,4,4,4,4,4.0,4.0,4.0,3,4,4,2.0,4,4,4,4,4,4,3,3,3,3,4,3,3,4,3,3,4,4,4,4,4,4,4,2,3,3,2,3,3,4,4,4,4,4,4,3,4,3,4,3,3,2,2,3,2,3,3,2,3,5.0,5,5,5,5.0,5,5,4,5.0,5,4,5.0,5,5,3.0,5.0,5.0,5.0,5.0,1,4,4,4.0,5,4.0,4,2.0,4.0,4.0,5.0,4,5,5,2,4,4,5,1,1,1.0,5,1,5,3,3,3,4,4,4,3,3,67,1,0,0,0,2,0,61,0,3,1,0,6,0,0,3230,0,113,0,11,1181,0,0,0,0,785,2240,1392,6512,456,84,0.0,7.0,0.0,0.0,0.0,0.0,0.0,0.0,0.0,0.0,37.0,36.0,0.0,0.0,1.0,6.0,0.0,33.0,0.0,0.0,0.0,2.0,0.0,0.0,0.0,0.0,178.0,0.0,0.0,37.0,0.0,5.0,0.0,11.0,0.0,0.0,0.0,7950.0,540,4957,456.0,4604,353.0,11.0,15437.278274
97,g,5.0,5,5.0,4,4.0,4.0,5,5,5,5.0,5,5.0,5.0,5,5,4,4.0,4,5,5,5,5,5,5.0,5.0,5.0,1,2,1,1.0,3,2,2,1,2,2,2,1,3,4,4,2,3,4,2,4,3,2,1,1,4,3,4,2,3,4,3,4,2,4,2,3,3,1,1,3,3,2,2,1,3,1,2,1,2,3,1,2,4,5.0,4,5,5,5.0,4,5,4,5.0,4,4,5.0,3,5,3.0,5.0,5.0,5.0,4.0,3,3,4,3.0,4,3.0,5,3.0,4.0,5.0,3.0,4,4,5,2,4,4,4,2,3,2.0,3,2,3,5,3,3,2,4,4,5,1,42,14,0,0,0,11,0,32,0,1,2,0,0,0,0,1726,0,61,0,0,854,0,0,0,0,231,377,319,1843,145,31,0.0,1.0,0.0,0.0,0.0,0.0,0.0,0.0,0.0,0.0,0.0,0.0,0.0,0.0,0.0,2.0,0.0,6.0,0.0,0.0,0.0,0.0,0.0,0.0,0.0,0.0,19.0,0.0,0.0,9.0,0.0,0.0,0.0,0.0,0.0,0.0,0.0,2662.0,176,1103,145.0,1066,37.0,5.0,2433.120108
87,g,5.0,5,5.0,5,5.0,3.0,5,4,5,5.0,5,4.0,5.0,5,5,3,4.0,4,5,5,5,5,5,4.0,4.0,5.0,3,4,2,1.0,4,4,3,4,3,2,2,3,4,4,4,3,3,4,3,2,4,1,4,4,4,2,4,4,4,4,4,4,3,4,4,4,4,4,4,4,3,4,5,3,4,1,2,4,4,2,4,4,4,4.0,4,4,4,4.0,4,5,5,5.0,4,5,5.0,4,5,5.0,5.0,4.0,5.0,5.0,2,5,5,5.0,5,5.0,5,5.0,5.0,5.0,5.0,5,5,5,5,5,4,5,3,3,3.0,5,3,5,4,4,3,5,4,5,5,3,271,33,0,0,0,31,0,59,0,3,39,4,0,0,0,3030,0,109,0,34,1421,0,0,0,0,601,1078,834,3848,263,39,0.0,3.0,0.0,0.0,0.0,0.0,0.0,3.0,0.0,0.0,16.0,2.0,0.0,0.0,3.0,0.0,0.0,9.0,0.0,0.0,0.0,0.0,0.0,0.0,0.0,0.0,83.0,0.0,0.0,20.0,0.0,2.0,0.0,0.0,0.0,0.0,0.0,4455.0,302,2815,263.0,2674,141.0,9.0,6417.802163
95,g,5.0,5,4.0,5,4.0,4.0,4,5,5,5.0,5,5.0,5.0,5,5,5,5.0,5,5,5,5,5,5,4.0,5.0,5.0,1,5,4,4.0,4,4,3,3,2,3,2,3,3,1,2,3,1,3,2,3,3,3,3,4,1,2,3,3,3,2,2,2,3,2,2,2,4,1,2,4,4,3,4,3,4,2,3,2,1,1,2,2,2,5.0,5,5,4,4.0,4,4,5,5.0,4,4,4.0,4,4,4.0,4.0,4.0,4.0,4.0,3,4,5,4.0,4,4.0,4,3.0,4.0,4.0,4.0,4,4,4,3,4,4,5,3,2,3.0,5,2,5,5,5,5,5,5,5,5,5,205,27,0,0,2,65,0,125,0,4,79,0,1,0,23,6191,2,238,0,2,2638,0,0,0,0,945,2518,1424,10303,878,186,0.0,5.0,0.0,0.0,0.0,0.0,0.0,0.0,0.0,0.0,70.0,12.0,0.0,0.0,0.0,6.0,0.0,43.0,0.0,0.0,0.0,0.0,0.0,0.0,0.0,0.0,237.0,0.0,0.0,16.0,0.0,4.0,0.0,0.0,0.0,0.0,0.0,6461.0,1064,5951,878.0,5558,393.0,8.0,14427.261323
96,g,4.0,4,4.0,4,4.0,4.0,4,3,4,4.0,4,4.0,4.0,4,4,4,4.0,4,4,3,4,4,4,4.0,4.0,4.0,2,3,3,2.0,2,3,2,3,3,3,3,3,3,3,3,3,3,2,3,2,3,3,3,3,2,2,3,2,3,3,3,3,3,3,3,3,3,2,3,2,2,3,3,3,3,2,2,3,3,3,2,2,2,3.0,3,3,4,3.0,3,4,4,4.0,3,5,4.0,3,4,3.0,4.0,3.0,4.0,3.0,3,4,4,4.0,4,3.0,3,2.0,3.0,4.0,3.0,3,4,4,2,3,4,4,2,2,2.0,4,2,4,2,4,4,4,4,4,4,0,380,28,2,0,0,94,0,80,0,0,36,4,1,0,73,3810,0,143,0,171,2067,0,0,0,0,960,1184,1144,4447,428,89,0.0,5.0,0.0,0.0,0.0,0.0,0.0,0.0,0.0,0.0,10.0,11.0,0.0,0.0,0.0,0.0,0.0,12.0,0.0,0.0,0.0,0.0,0.0,0.0,0.0,0.0,80.0,0.0,0.0,17.0,0.0,0.0,0.0,3.0,0.0,0.0,3.0,7542.0,517,3805,428.0,3664,141.0,8.0,7399.579227
96,g,4.0,4,4.0,1,5.0,5.0,5,4,5,5.0,4,4.0,4.0,4,4,1,5.0,2,5,4,5,4,4,4.0,4.0,4.0,2,1,2,2.0,3,4,4,4,4,4,4,4,4,2,2,2,2,2,3,3,2,3,4,2,1,1,3,3,3,2,2,3,4,3,3,3,2,4,2,3,2,3,4,2,2,4,2,2,1,3,4,1,3,3.0,4,4,4,5.0,5,5,4,4.0,5,4,4.0,5,4,5.0,4.0,4.0,3.0,4.0,2,5,4,4.0,4,4.0,4,4.0,4.0,4.0,4.0,4,5,4,2,2,4,4,1,2,2.0,5,3,4,5,5,5,5,5,5,4,5,168,21,0,0,0,12,0,51,0,0,18,1,0,0,0,3264,0,110,0,8,1599,0,0,0,0,777,1274,951,4557,379,65,0.0,5.0,0.0,0.0,0.0,0.0,0.0,0.0,0.0,0.0,13.0,6.0,0.0,0.0,0.0,0.0,0.0,20.0,0.0,0.0,0.0,3.0,0.0,0.0,0.0,0.0,86.0,0.0,0.0,24.0,0.0,2.0,0.0,0.0,0.0,0.0,0.0,5582.0,444,3446,379.0,3287,159.0,8.0,8001.239362
79,g,4.0,4,4.0,4,4.0,4.0,4,4,4,4.0,4,4.0,4.0,4,4,3,4.0,3,4,3,4,2,4,4.0,4.0,4.0,2,2,2,2.0,4,3,2,4,4,4,4,3,4,3,4,4,3,4,2,2,4,4,4,4,3,2,4,4,4,4,4,3,3,4,3,4,3,2,3,3,4,4,4,4,4,1,4,3,2,2,2,3,4,4.0,4,4,4,4.0,4,4,4,4.0,4,4,4.0,4,4,4.0,4.0,4.0,4.0,4.0,3,4,4,4.0,4,4.0,4,4.0,4.0,4.0,4.0,4,4,4,2,4,4,5,2,2,2.0,4,2,4,3,4,4,4,4,4,4,10,205,35,0,0,1,82,0,42,0,5,34,20,0,0,0,2127,2,78,0,33,1204,0,0,0,0,440,1221,606,4651,363,55,0.0,6.0,0.0,0.0,0.0,0.0,0.0,0.0,0.0,0.0,32.0,10.0,0.0,0.0,0.0,0.0,0.0,15.0,0.0,0.0,0.0,0.0,0.0,0.0,0.0,0.0,134.0,0.0,0.0,12.0,0.0,0.0,0.0,2.0,0.0,0.0,0.0,1601.0,418,2685,363.0,2474,211.0,7.0,7976.297396
97,g,5.0,5,5.0,3,5.0,5.0,5,3,5,5.0,4,5.0,4.0,4,5,5,5.0,5,4,4,5,4,4,4.0,4.0,4.0,2,3,4,4.0,4,4,4,3,4,2,3,2,2,4,4,4,2,3,2,2,4,3,4,3,2,2,3,3,3,1,3,3,3,3,3,4,2,3,3,2,2,2,3,2,4,2,2,4,3,2,4,3,4,5.0,5,5,5,5.0,5,5,5,5.0,5,5,5.0,5,5,5.0,5.0,5.0,5.0,5.0,1,5,5,5.0,5,5.0,5,2.0,5.0,5.0,5.0,5,5,5,4,5,5,5,1,1,1.0,5,1,5,4,4,4,3,5,5,5,6,580,271,0,0,2,73,0,104,0,0,47,11,0,0,0,6182,0,250,0,130,3218,0,1,0,0,469,696,567,4398,634,106,0.0,0.0,0.0,0.0,0.0,0.0,0.0,0.0,0.0,0.0,5.0,4.0,0.0,0.0,0.0,1.0,0.0,10.0,0.0,0.0,0.0,0.0,0.0,0.0,0.0,0.0,56.0,0.0,0.0,2.0,0.0,1.0,0.0,3.0,0.0,0.0,1.0,4365.0,740,2472,634.0,2389,83.0,9.0,2861.405489
97,g,5.0,4,5.0,5,5.0,5.0,5,5,5,5.0,5,5.0,5.0,5,4,5,5.0,5,5,5,5,5,4,5.0,4.0,5.0,2,2,5,4.0,5,4,3,3,4,4,4,2,3,4,4,3,3,4,1,1,3,3,3,3,3,3,4,4,3,4,2,4,2,4,4,4,4,4,4,3,4,1,2,4,3,1,1,4,4,3,3,1,4,4.0,4,4,4,5.0,5,5,3,4.0,5,4,5.0,5,4,4.0,5.0,4.0,5.0,5.0,2,4,4,4.0,3,5.0,5,2.0,3.0,4.0,4.0,4,4,4,3,2,5,4,3,2,2.0,3,3,3,4,4,4,5,4,4,4,6,320,16,3,0,2,13,0,75,0,3,59,0,0,0,0,2820,0,117,0,26,1219,0,0,0,1,678,1859,1244,4187,341,42,0.0,4.0,0.0,0.0,0.0,0.0,0.0,0.0,0.0,0.0,40.0,2.0,0.0,0.0,0.0,0.0,0.0,8.0,0.0,0.0,0.0,0.0,0.0,0.0,0.0,0.0,118.0,0.0,0.0,26.0,0.0,2.0,0.0,0.0,0.0,0.0,0.0,3144.0,383,4164,341.0,3964,200.0,7.0,12257.909888
85,g,4.0,5,4.0,4,5.0,3.0,3,3,4,4.0,4,4.0,4.0,5,5,4,4.0,3,5,4,4,4,4,4.0,4.0,4.0,1,2,1,1.0,1,3,3,4,3,2,3,3,3,2,3,4,3,3,3,3,4,4,3,2,4,3,4,4,4,4,3,4,2,2,3,3,2,2,2,2,2,3,4,3,3,1,1,3,2,2,2,2,3,5.0,5,5,5,5.0,5,5,5,5.0,5,5,5.0,5,5,5.0,5.0,5.0,5.0,5.0,3,4,3,4.0,4,3.0,3,2.0,4.0,5.0,4.0,4,4,4,3,4,4,4,2,2,2.0,4,3,4,4,4,4,4,4,4,4,7,589,27,0,0,1,84,0,117,0,1,110,0,0,0,0,4594,0,156,0,242,1807,0,0,0,0,438,2182,660,5247,847,81,0.0,6.0,0.0,0.0,0.0,0.0,0.0,0.0,0.0,0.0,26.0,3.0,0.0,0.0,0.0,0.0,0.0,11.0,0.0,0.0,0.0,1.0,0.0,0.0,0.0,0.0,182.0,0.0,0.0,21.0,0.0,8.0,0.0,0.0,0.0,0.0,0.0,5122.0,928,4208,847.0,3950,258.0,8.0,16356.711062
97,g,3.0,4,4.0,1,5.0,5.0,5,5,5,5.0,5,5.0,4.0,5,3,3,3.0,2,5,5,5,5,5,5.0,5.0,4.0,1,3,5,4.0,4,3,2,2,2,1,4,3,3,4,4,4,4,4,3,3,3,4,4,3,4,4,4,3,2,3,2,4,4,4,4,3,3,4,3,4,3,3,5,4,4,1,3,3,4,2,4,4,4,4.0,3,4,3,5.0,4,4,2,4.0,4,3,4.0,4,3,5.0,5.0,4.0,5.0,5.0,4,4,3,4.0,3,4.0,2,2.0,4.0,4.0,4.0,4,4,4,2,4,4,3,3,3,2.0,2,2,2,4,4,5,3,4,4,5,0,37,12,0,0,0,45,0,124,0,0,3,0,0,0,0,3617,2,162,0,155,1574,0,14,2,0,569,1140,673,4019,272,55,0.0,7.0,0.0,0.0,0.0,0.0,0.0,0.0,0.0,0.0,7.0,0.0,0.0,0.0,0.0,5.0,0.0,13.0,0.0,0.0,0.0,0.0,0.0,0.0,0.0,0.0,139.0,0.0,0.0,21.0,0.0,0.0,0.0,3.0,0.0,0.0,0.0,2801.0,327,2709,272.0,2514,195.0,7.0,6436.838474
95,g,4.0,4,4.0,4,5.0,5.0,5,4,4,4.0,5,5.0,4.0,4,4,4,5.0,4,5,5,5,4,5,5.0,5.0,5.0,4,4,4,2.0,2,3,3,3,3,2,2,3,2,2,3,1,2,2,3,2,2,2,3,2,2,3,2,2,2,3,2,3,3,3,3,4,3,3,3,3,2,3,3,3,3,3,3,3,2,2,3,3,2,4.0,4,4,2,3.0,4,5,1,4.0,5,2,3.0,3,2,4.0,4.0,4.0,4.0,4.0,2,3,5,4.0,4,5.0,4,2.0,4.0,4.0,4.0,3,4,4,4,4,4,5,2,3,2.0,4,2,4,3,3,4,4,3,4,4,0,11,8,0,0,0,22,0,104,0,0,6,0,0,0,4,2826,0,135,0,144,1508,0,0,0,0,529,1137,730,3772,382,47,0.0,2.0,0.0,0.0,0.0,0.0,0.0,0.0,0.0,0.0,21.0,7.0,0.0,0.0,0.0,0.0,0.0,17.0,0.0,0.0,0.0,0.0,0.0,0.0,0.0,0.0,131.0,0.0,0.0,10.0,0.0,1.0,0.0,4.0,0.0,0.0,0.0,4429.0,429,2825,382.0,2632,193.0,8.0,7237.852319
91,g,3.0,3,5.0,4,5.0,4.0,5,4,5,5.0,5,5.0,5.0,5,5,5,5.0,5,4,4,4,4,4,4.0,4.0,4.0,4,4,5,4.0,3,3,2,3,3,2,3,2,3,3,3,3,3,3,2,2,3,3,3,3,3,2,3,4,2,2,2,3,3,3,3,3,3,3,3,2,3,3,4,3,3,2,2,3,3,2,3,2,3,5.0,5,5,5,4.0,4,4,4,5.0,3,5,5.0,3,4,3.0,4.0,4.0,3.0,3.0,3,4,4,4.0,4,3.0,4,3.0,4.0,4.0,5.0,3,5,3,3,4,4,4,2,1,3.0,4,3,4,4,5,4,5,4,3,4,0,207,28,15,0,0,16,0,92,0,0,18,3,3,0,2,3491,0,159,0,68,1387,0,0,0,2,713,1428,927,6715,417,83,0.0,9.0,0.0,0.0,0.0,0.0,0.0,0.0,0.0,0.0,18.0,3.0,0.0,0.0,0.0,1.0,0.0,22.0,0.0,0.0,0.0,0.0,0.0,0.0,0.0,0.0,113.0,0.0,0.0,18.0,0.0,0.0,0.0,5.0,0.0,0.0,0.0,3845.0,500,3568,417.0,3379,189.0,8.0,7659.07409
96,g,4.0,4,5.0,4,5.0,5.0,5,5,5,5.0,4,5.0,4.0,5,5,4,5.0,4,4,3,5,3,3,3.0,3.0,4.0,3,3,4,3.0,5,3,3,2,2,1,2,2,2,1,1,1,1,3,2,2,4,3,2,3,2,2,3,3,2,3,3,3,2,3,3,3,3,3,2,2,2,3,3,2,2,1,2,4,4,3,3,2,3,5.0,5,5,5,4.0,3,3,4,4.0,4,5,4.0,4,5,3.0,3.0,3.0,3.0,3.0,4,4,4,4.0,4,4.0,4,3.0,4.0,4.0,4.0,4,5,5,3,5,3,5,4,3,2.0,4,2,4,5,5,5,3,5,5,5,0,259,53,0,0,0,48,0,85,0,0,32,3,0,0,0,2601,3,133,0,61,1034,0,1,1,0,691,1214,819,5472,487,105,0.0,3.0,0.0,0.0,0.0,0.0,0.0,0.0,0.0,0.0,16.0,1.0,0.0,0.0,0.0,2.0,0.0,15.0,0.0,0.0,0.0,0.0,0.0,0.0,0.0,0.0,145.0,0.0,0.0,12.0,0.0,0.0,0.0,1.0,0.0,0.0,0.0,4615.0,592,3316,487.0,3121,195.0,8.0,7798.096582
91,g,4.0,4,4.0,4,5.0,4.0,4,3,5,4.0,3,4.0,3.0,5,4,3,4.0,4,3,3,3,3,3,3.0,3.0,3.0,3,3,3,3.0,2,4,2,4,4,3,2,2,4,3,4,2,2,3,2,2,3,4,3,3,4,2,4,3,3,1,2,3,1,3,3,3,2,2,2,2,2,1,3,3,2,1,2,3,1,1,2,1,3,4.0,4,4,4,5.0,4,4,4,5.0,4,5,5.0,3,4,4.0,4.0,4.0,3.0,4.0,5,4,4,4.0,4,3.0,3,3.0,3.0,4.0,4.0,4,4,4,3,4,3,3,4,4,3.0,4,3,3,5,5,4,3,4,4,4,0,120,22,0,0,0,7,0,57,0,0,12,1,2,0,0,3909,2,140,0,4,1870,0,0,0,0,662,1202,931,4610,375,70,0.0,4.0,0.0,0.0,0.0,0.0,0.0,0.0,0.0,0.0,13.0,4.0,0.0,0.0,1.0,2.0,0.0,14.0,0.0,0.0,0.0,0.0,0.0,0.0,0.0,0.0,118.0,0.0,0.0,13.0,0.0,1.0,0.0,1.0,0.0,0.0,0.0,3827.0,445,3240,375.0,3069,171.0,10.0,7771.976117
91,g,5.0,4,4.0,4,5.0,4.0,5,5,5,5.0,5,5.0,5.0,5,4,4,5.0,4,5,5,5,5,5,5.0,5.0,5.0,4,4,5,3.0,4,4,4,3,3,3,4,4,3,3,3,3,3,4,4,2,2,3,3,3,3,3,3,3,3,2,3,3,3,3,3,3,3,3,3,3,3,4,4,2,3,3,3,4,4,3,2,3,3,4.0,4,4,4,5.0,4,4,4,4.0,4,4,4.0,4,4,4.0,4.0,4.0,4.0,4.0,3,3,4,4.0,4,4.0,4,3.0,4.0,4.0,4.0,4,4,5,2,3,4,4,2,2,2.0,3,2,3,3,4,4,4,4,4,4,0,96,12,0,0,0,1,0,124,0,0,2,1,2,0,0,3644,0,176,0,37,1103,0,0,0,0,1337,3337,1677,9806,571,169,0.0,9.0,0.0,0.0,0.0,0.0,0.0,0.0,0.0,0.0,61.0,44.0,0.0,0.0,5.0,7.0,0.0,64.0,0.0,0.0,0.0,5.0,0.0,0.0,0.0,0.0,373.0,0.0,0.0,39.0,0.0,2.0,0.0,8.0,0.0,0.0,0.0,7147.0,740,7091,571.0,6474,617.0,11.0,22085.011977
94,g,4.0,4,4.0,4,4.0,3.0,4,4,4,4.0,4,4.0,4.0,4,4,4,4.0,4,4,4,4,4,4,4.0,4.0,4.0,2,4,2,2.0,2,2,3,3,3,3,2,2,2,3,3,3,2,3,2,2,2,3,3,3,3,2,3,3,3,2,2,3,3,2,3,3,3,2,3,3,3,3,3,3,3,2,2,3,2,2,2,2,3,5.0,4,5,5,5.0,5,5,5,5.0,5,5,5.0,4,5,4.0,4.0,5.0,5.0,4.0,3,5,5,4.0,4,5.0,4,3.0,5.0,4.0,4.0,4,4,5,2,4,5,5,2,2,2.0,5,2,5,4,4,4,4,5,4,4,2,78,3,0,0,3,2,0,66,0,1,2,0,0,0,0,2576,0,115,0,26,1105,0,1,0,0,366,734,504,2652,240,44,0.0,1.0,0.0,0.0,0.0,0.0,0.0,0.0,0.0,0.0,4.0,0.0,0.0,0.0,1.0,10.0,0.0,29.0,0.0,0.0,0.0,0.0,0.0,0.0,0.0,0.0,106.0,0.0,0.0,6.0,0.0,0.0,0.0,0.0,0.0,0.0,0.0,6544.0,284,1888,240.0,1731,157.0,7.0,4111.648415
49,g,5.0,5,5.0,5,5.0,5.0,5,5,5,5.0,5,5.0,5.0,5,5,5,5.0,5,5,5,5,5,5,5.0,5.0,5.0,1,3,4,3.0,3,3,3,3,2,2,3,2,4,3,3,3,4,3,2,2,1,2,2,2,2,2,3,4,3,4,2,3,3,3,3,3,2,4,3,2,2,2,4,2,2,2,2,4,3,4,4,3,3,4.0,3,4,3,3.0,5,5,3,3.0,5,4,4.0,3,4,4.0,4.0,4.0,4.0,4.0,3,3,3,4.0,2,3.0,3,3.0,3.0,3.0,2.0,3,4,3,3,2,5,5,3,3,2.0,4,3,3,4,4,4,4,4,5,5,3,79,6,0,0,3,2,0,43,0,2,6,0,2,0,0,1946,1,92,0,18,854,0,0,0,0,170,653,302,2781,184,37,0.0,0.0,0.0,0.0,0.0,0.0,0.0,0.0,0.0,0.0,19.0,0.0,0.0,0.0,0.0,0.0,0.0,7.0,0.0,0.0,0.0,0.0,0.0,0.0,0.0,0.0,51.0,1.0,0.0,2.0,0.0,0.0,0.0,1.0,0.0,0.0,0.0,1415.0,221,1346,184.0,1265,81.0,6.0,3630.973529
84,h,4.0,4,5.0,4,4.0,3.0,3,3,4,4.0,4,4.0,4.0,4,4,4,4.0,4,3,3,4,3,4,4.0,3.0,4.0,2,4,2,1.0,1,3,3,2,2,2,3,2,2,3,3,2,2,4,3,3,2,2,2,3,2,2,3,3,3,3,2,2,2,3,3,3,3,3,3,2,2,3,3,3,3,1,1,4,2,2,2,2,2,4.0,5,4,5,3.0,4,4,4,5.0,3,5,5.0,2,4,3.0,4.0,3.0,4.0,4.0,4,3,4,4.0,4,3.0,4,4.0,2.0,4.0,3.0,4,5,4,4,4,4,5,4,5,4.0,4,4,4,2,2,2,2,4,5,3,2,237,13,0,0,0,35,0,195,0,2,25,0,1,0,0,4965,0,239,0,148,1932,0,0,0,0,458,768,696,5227,309,69,0.0,0.0,0.0,0.0,0.0,0.0,0.0,0.0,0.0,0.0,5.0,3.0,0.0,0.0,0.0,0.0,0.0,6.0,0.0,0.0,0.0,0.0,0.0,0.0,0.0,0.0,79.0,0.0,0.0,15.0,0.0,0.0,0.0,0.0,0.0,0.0,0.0,4188.0,378,2300,309.0,2192,108.0,5.0,4134.184957
98,h,4.0,4,5.0,4,4.0,3.0,5,3,5,5.0,5,5.0,5.0,5,5,4,5.0,5,5,5,5,5,5,5.0,5.0,5.0,3,3,4,3.0,4,3,3,2,3,1,3,3,3,2,3,3,3,3,3,3,3,3,3,2,3,3,3,4,3,2,3,4,3,2,3,3,3,3,3,3,3,2,3,3,2,3,2,3,2,4,2,3,3,5.0,5,4,5,5.0,5,5,5,5.0,5,5,5.0,5,5,5.0,5.0,5.0,5.0,5.0,4,5,5,4.0,4,4.0,3,3.0,5.0,5.0,5.0,5,5,5,3,5,4,5,4,4,3.0,4,3,5,3,4,4,2,4,4,4,1,56,30,1,0,0,17,0,116,0,1,0,0,0,0,0,4193,0,151,0,18,1922,0,0,0,0,450,756,663,2669,217,47,0.0,7.0,0.0,0.0,0.0,0.0,0.0,0.0,0.0,0.0,7.0,1.0,0.0,0.0,0.0,6.0,0.0,6.0,0.0,0.0,0.0,0.0,0.0,0.0,0.0,0.0,76.0,0.0,0.0,11.0,0.0,0.0,0.0,6.0,0.0,0.0,0.0,4424.0,264,2133,217.0,2013,120.0,8.0,4687.761114
94,h,5.0,5,5.0,5,5.0,5.0,5,5,5,5.0,4,5.0,4.0,5,5,5,5.0,5,5,4,5,5,5,5.0,4.0,5.0,2,3,3,1.0,1,3,3,2,2,2,3,2,3,3,3,3,3,3,3,3,3,4,3,3,3,2,4,4,4,3,3,3,2,4,3,3,2,3,3,1,2,3,2,2,3,1,1,3,2,3,2,3,3,4.0,4,5,5,5.0,5,5,3,5.0,5,4,5.0,4,4,3.0,4.0,4.0,4.0,5.0,3,4,4,5.0,3,3.0,5,4.0,3.0,5.0,4.0,3,4,5,5,2,5,5,4,3,5.0,5,4,5,3,4,3,1,5,5,5,1,83,9,0,0,0,1,0,53,0,1,19,0,0,0,0,1920,0,84,0,24,815,0,0,0,0,364,498,450,2433,219,22,0.0,4.0,0.0,0.0,0.0,0.0,0.0,0.0,0.0,0.0,1.0,3.0,0.0,0.0,0.0,0.0,0.0,2.0,0.0,0.0,0.0,0.0,0.0,0.0,0.0,0.0,34.0,0.0,0.0,1.0,0.0,1.0,0.0,0.0,0.0,0.0,0.0,2907.0,241,1553,219.0,1507,46.0,7.0,2876.410939
85,h,5.0,5,5.0,4,5.0,4.0,3,3,5,5.0,5,5.0,4.0,5,5,3,4.0,5,5,3,4,4,4,4.0,4.0,4.0,3,3,3,2.0,3,3,2,3,3,2,3,2,3,3,4,3,3,4,2,3,2,2,2,3,4,1,4,4,2,3,2,3,3,3,3,4,2,2,3,2,2,4,4,2,3,1,2,4,2,2,2,2,3,4.0,3,4,3,5.0,4,5,3,4.0,4,4,3.0,3,4,4.0,4.0,4.0,4.0,4.0,4,3,3,4.0,4,4.0,3,4.0,4.0,4.0,4.0,5,5,4,4,4,5,5,3,3,4.0,4,5,4,4,3,3,2,4,4,4,1,111,12,0,0,0,20,0,95,0,1,13,2,0,0,0,3285,0,150,0,114,1348,0,0,0,0,427,1021,588,3446,300,61,0.0,8.0,0.0,0.0,0.0,0.0,0.0,0.0,0.0,0.0,8.0,6.0,0.0,0.0,6.0,7.0,0.0,6.0,0.0,0.0,0.0,0.0,0.0,0.0,0.0,0.0,67.0,0.0,0.0,14.0,0.0,0.0,0.0,2.0,0.0,0.0,0.0,6648.0,361,2397,300.0,2273,124.0,9.0,6523.61447
89,h,4.0,4,4.0,4,3.0,3.0,4,2,5,3.0,4,5.0,3.0,4,4,3,3.0,3,4,4,4,4,4,4.0,4.0,4.0,3,3,3,3.0,3,2,3,2,3,1,1,1,1,1,3,2,2,2,1,2,3,3,3,2,1,1,3,2,3,1,1,2,1,1,1,1,1,1,1,1,1,1,1,1,1,1,1,2,2,2,1,2,1,4.0,3,3,3,3.0,4,5,3,3.0,4,3,4.0,4,3,3.0,3.0,4.0,4.0,4.0,2,3,5,3.0,3,3.0,3,5.0,3.0,5.0,4.0,3,4,3,2,4,4,4,3,3,3.0,3,4,3,4,3,3,1,3,3,2,2,29,7,2,0,0,8,0,31,0,2,0,0,0,0,0,1118,0,48,0,27,471,0,0,0,0,354,514,407,2755,179,26,0.0,2.0,0.0,0.0,0.0,0.0,0.0,0.0,0.0,0.0,2.0,1.0,0.0,0.0,1.0,9.0,0.0,3.0,0.0,0.0,0.0,0.0,0.0,0.0,0.0,0.0,22.0,0.0,0.0,6.0,0.0,0.0,0.0,0.0,0.0,0.0,0.0,2645.0,205,1480,179.0,1434,46.0,8.0,3021.218186
95,h,5.0,5,5.0,5,5.0,5.0,5,3,5,5.0,5,5.0,5.0,5,5,3,5.0,5,5,5,5,5,5,5.0,5.0,5.0,5,5,5,5.0,5,4,4,4,4,1,4,4,4,4,4,4,4,4,1,4,4,4,4,4,4,4,4,1,4,1,4,4,4,4,4,4,4,4,4,4,4,4,4,4,4,2,3,4,4,4,4,4,4,5.0,5,5,5,5.0,5,5,5,5.0,5,5,5.0,5,5,5.0,5.0,5.0,5.0,5.0,5,5,5,5.0,5,5.0,5,5.0,5.0,5.0,5.0,5,5,5,5,5,5,5,5,5,5.0,5,5,5,5,5,5,1,5,5,5,10,149,20,0,0,0,10,0,74,0,10,8,2,2,0,0,2723,1,124,0,14,965,0,0,0,0,583,686,490,2965,180,51,0.0,1.0,0.0,0.0,0.0,0.0,0.0,0.0,0.0,0.0,6.0,2.0,0.0,0.0,0.0,0.0,0.0,7.0,0.0,0.0,0.0,0.0,0.0,0.0,0.0,0.0,67.0,0.0,0.0,13.0,0.0,0.0,0.0,1.0,0.0,0.0,0.0,2928.0,231,1990,180.0,1893,97.0,7.0,4150.306948
59,h,3.0,3,3.0,3,3.0,3.0,3,3,3,3.0,3,3.0,3.0,3,3,3,3.0,3,3,3,3,3,3,3.0,3.0,3.0,3,3,3,3.0,3,2,3,3,2,2,3,2,3,2,3,2,3,3,2,3,2,3,3,2,3,2,3,3,3,3,3,3,2,3,3,3,3,2,3,2,3,3,2,3,3,2,3,3,3,2,3,3,3,3.0,3,3,3,3.0,3,3,3,3.0,3,3,3.0,3,3,3.0,3.0,3.0,4.0,4.0,4,4,4,4.0,3,2.0,3,4.0,4.0,3.0,2.0,3,3,3,1,3,3,2,3,3,3.0,2,3,2,3,4,5,3,3,3,3,1,7,17,0,0,0,2,0,36,0,1,0,0,0,0,0,1328,0,65,0,10,495,0,0,0,0,33,206,87,466,67,25,0.0,2.0,0.0,0.0,0.0,0.0,0.0,0.0,0.0,0.0,7.0,0.0,0.0,0.0,0.0,0.0,0.0,1.0,0.0,0.0,0.0,0.0,0.0,0.0,0.0,0.0,15.0,0.0,0.0,3.0,0.0,0.0,0.0,1.0,0.0,0.0,0.0,3447.0,92,418,67.0,389,29.0,6.0,1374.151932
59,h,4.0,3,3.0,4,3.0,4.0,4,3,3,4.0,4,3.0,4.0,3,4,3,3.0,4,3,3,4,4,4,4.0,3.0,3.0,4,3,4,4.0,3,2,3,3,2,2,3,2,3,2,3,2,3,3,2,3,2,3,3,2,3,2,3,3,3,3,3,3,2,3,3,3,3,2,3,2,3,3,2,3,3,2,3,3,3,2,3,3,3,3.0,3,3,3,3.0,3,3,3,3.0,3,3,3.0,3,3,3.0,3.0,3.0,4.0,4.0,4,4,4,4.0,3,2.0,3,4.0,4.0,3.0,2.0,3,3,3,1,3,3,2,3,3,3.0,2,3,2,3,4,5,3,3,3,3,1,7,17,0,0,0,2,0,36,0,1,0,0,0,0,0,1328,0,65,0,10,495,0,0,0,0,33,206,87,466,67,25,0.0,2.0,0.0,0.0,0.0,0.0,0.0,0.0,0.0,0.0,7.0,0.0,0.0,0.0,0.0,0.0,0.0,1.0,0.0,0.0,0.0,0.0,0.0,0.0,0.0,0.0,15.0,0.0,0.0,3.0,0.0,0.0,0.0,1.0,0.0,0.0,0.0,3447.0,92,418,67.0,389,29.0,6.0,1374.151932
90,h,3.0,3,4.0,3,3.0,3.0,3,3,4,4.0,3,4.0,3.0,4,4,3,4.0,3,3,3,4,3,3,3.0,3.0,3.0,3,2,2,3.0,4,3,2,3,3,3,2,2,2,3,3,2,2,3,3,2,2,2,2,3,3,2,4,2,3,4,2,2,2,3,2,4,3,2,3,2,3,2,2,3,2,2,3,3,2,2,2,2,3,4.0,4,4,4,4.0,4,4,4,4.0,4,4,4.0,3,4,4.0,4.0,4.0,4.0,4.0,3,3,4,4.0,4,3.0,4,4.0,3.0,4.0,4.0,4,3,4,3,4,4,3,4,4,4.0,4,4,4,3,3,3,2,3,4,4,1,93,11,0,0,0,23,0,122,0,1,19,2,0,0,0,7038,0,198,0,75,4633,0,0,0,0,253,749,294,4109,268,68,0.0,4.0,0.0,0.0,0.0,0.0,0.0,0.0,0.0,0.0,18.0,0.0,0.0,0.0,0.0,13.0,0.0,3.0,0.0,0.0,0.0,0.0,0.0,0.0,0.0,0.0,72.0,0.0,0.0,5.0,0.0,0.0,0.0,0.0,0.0,0.0,0.0,2874.0,336,1632,268.0,1517,115.0,6.0,4195.916968
83,h,3.0,3,4.0,4,3.0,4.0,4,3,3,4.0,4,4.0,3.0,4,3,3,4.0,3,3,3,4,4,4,4.0,3.0,3.0,3,4,4,3.0,3,2,2,3,3,3,2,3,3,3,3,3,2,3,2,2,3,3,3,3,3,2,2,3,3,2,3,2,3,2,3,3,3,3,3,2,2,3,2,3,3,3,3,3,3,2,3,3,3,4.0,3,4,3,4.0,5,5,3,3.0,5,3,3.0,3,3,3.0,4.0,4.0,4.0,4.0,4,3,4,5.0,3,3.0,4,2.0,4.0,4.0,4.0,3,3,3,4,4,4,3,4,3,4.0,4,4,4,5,5,5,1,4,5,5,1,122,8,0,0,0,8,0,18,0,0,1,0,0,0,0,931,0,40,0,23,442,0,0,0,0,828,1122,1222,4525,189,45,0.0,17.0,0.0,0.0,0.0,0.0,0.0,0.0,0.0,0.0,4.0,0.0,0.0,0.0,6.0,6.0,1.0,16.0,0.0,0.0,0.0,0.0,6.0,0.0,0.0,0.0,41.0,0.0,0.0,19.0,0.0,0.0,0.0,7.0,0.0,0.0,0.0,2645.0,234,3406,189.0,3283,123.0,10.0,7732.749987
86,h,3.0,3,4.0,4,4.0,3.0,4,4,5,5.0,4,5.0,4.0,4,4,3,3.0,4,3,3,4,3,4,4.0,3.0,3.0,4,3,3,4.0,4,3,4,4,3,3,3,2,2,1,2,3,3,4,2,3,1,3,1,4,1,3,4,3,1,3,3,3,3,3,3,3,3,3,3,3,2,2,3,2,3,3,2,4,3,2,3,3,2,1.0,1,1,1,3.0,3,4,5,3.0,3,3,4.0,4,4,4.0,4.0,4.0,3.0,4.0,3,3,4,3.0,4,3.0,4,3.0,4.0,3.0,3.0,4,3,3,3,3,3,5,3,3,4.0,4,3,4,3,4,3,2,3,4,3,0,217,16,0,0,0,1,0,114,0,0,0,1,1,0,0,4998,0,151,0,3,2699,0,0,0,0,503,946,710,3711,219,43,0.0,1.0,0.0,0.0,0.0,0.0,0.0,0.0,0.0,0.0,25.0,9.0,0.0,0.0,0.0,16.0,0.0,13.0,0.0,0.0,0.0,0.0,0.0,0.0,0.0,0.0,77.0,0.0,0.0,5.0,0.0,0.0,0.0,3.0,0.0,0.0,1.0,2879.0,262,2421,219.0,2271,150.0,9.0,5978.539829
70,h,5.0,5,5.0,5,5.0,5.0,5,5,5,5.0,5,5.0,5.0,5,5,5,5.0,5,5,5,5,5,5,5.0,5.0,5.0,4,4,2,3.0,5,4,4,4,4,1,4,3,4,4,3,3,4,2,3,4,3,4,4,4,4,4,4,3,4,3,4,4,4,4,4,4,4,3,4,4,4,2,3,3,3,2,4,3,3,4,4,4,4,5.0,5,5,5,5.0,5,5,5,5.0,5,5,5.0,5,5,4.0,5.0,5.0,5.0,5.0,4,4,5,5.0,5,4.0,4,5.0,5.0,5.0,5.0,5,5,5,2,3,4,5,1,4,4.0,5,5,5,4,5,5,1,5,5,5,0,70,13,20,0,0,13,2,46,0,0,15,1,1,0,0,1593,0,69,0,26,907,0,0,0,3,284,820,358,3362,191,33,0.0,5.0,0.0,0.0,0.0,0.0,0.0,0.0,0.0,0.0,4.0,12.0,0.0,0.0,0.0,2.0,0.0,16.0,0.0,0.0,0.0,0.0,0.0,0.0,0.0,0.0,60.0,0.0,0.0,14.0,0.0,0.0,0.0,0.0,0.0,0.0,0.0,982.0,224,1686,191.0,1573,113.0,7.0,5388.690987
86,h,4.0,4,5.0,5,3.0,3.0,4,4,4,4.0,5,4.0,4.0,4,5,4,4.0,4,4,4,4,4,4,4.0,4.0,4.0,3,3,4,4.0,4,3,3,3,3,1,2,2,2,3,3,2,2,3,2,3,3,3,2,3,3,2,4,3,4,3,3,3,2,4,3,4,2,3,3,2,4,3,3,3,3,1,3,3,4,1,2,3,2,5.0,5,5,5,4.0,5,5,5,5.0,5,4,4.0,5,5,5.0,5.0,4.0,5.0,4.0,5,3,4,4.0,4,4.0,4,4.0,4.0,4.0,5.0,4,4,4,3,4,5,5,1,4,1.0,5,1,5,3,4,4,3,4,4,4,2,55,6,1,0,0,11,0,56,0,2,11,0,1,0,0,2101,0,92,0,68,1070,0,5,1,1,360,408,533,3040,201,45,0.0,2.0,0.0,0.0,0.0,0.0,0.0,0.0,0.0,0.0,1.0,7.0,0.0,0.0,2.0,5.0,0.0,3.0,0.0,0.0,0.0,0.0,0.0,0.0,0.0,0.0,30.0,0.0,0.0,1.0,0.0,0.0,0.0,0.0,0.0,0.0,0.0,2845.0,246,1547,201.0,1496,51.0,8.0,1656.75557
97,h,5.0,5,5.0,5,4.0,4.0,5,3,5,5.0,5,5.0,5.0,5,5,5,5.0,5,5,5,5,5,5,5.0,5.0,5.0,2,3,3,2.0,3,4,4,4,1,2,4,2,2,4,4,4,3,4,4,4,2,3,4,3,3,3,4,1,3,3,4,4,4,4,4,4,2,2,2,2,2,4,4,3,4,1,1,3,1,1,2,3,4,5.0,5,5,5,4.0,4,5,4,5.0,4,5,5.0,3,4,5.0,5.0,5.0,5.0,4.0,5,4,5,4.0,4,5.0,5,5.0,4.0,5.0,5.0,4,4,4,4,3,5,5,5,5,5.0,5,4,5,5,4,3,1,3,4,5,1,102,11,0,0,0,53,0,43,0,1,11,1,0,0,0,2619,0,70,0,3,1529,0,0,0,0,335,732,376,3383,205,47,0.0,2.0,0.0,0.0,0.0,0.0,0.0,0.0,0.0,0.0,2.0,1.0,0.0,0.0,1.0,11.0,0.0,10.0,0.0,0.0,0.0,2.0,0.0,0.0,0.0,0.0,21.0,0.0,0.0,9.0,0.0,0.0,0.0,0.0,0.0,0.0,0.0,5525.0,252,1695,205.0,1636,59.0,9.0,4290.652147
82,h,5.0,5,5.0,5,5.0,3.0,5,5,5,5.0,5,5.0,5.0,5,5,5,5.0,5,5,5,5,5,5,5.0,5.0,5.0,5,5,5,5.0,5,2,2,2,2,2,2,2,2,2,2,2,2,2,2,2,2,2,2,2,2,2,2,2,2,2,2,2,2,2,2,4,4,4,4,4,4,4,4,4,4,4,4,4,4,2,3,3,3,4.0,4,4,4,3.0,4,4,3,3.0,4,4,4.0,4,4,3.0,3.0,3.0,3.0,3.0,2,4,4,4.0,4,4.0,4,3.0,3.0,4.0,4.0,4,4,4,2,3,4,4,3,3,3.0,4,4,4,3,4,3,4,4,4,4,1,86,15,0,0,0,4,0,40,1,1,2,0,1,0,0,1806,1,85,0,88,903,0,0,0,0,362,985,387,4074,331,77,0.0,1.0,0.0,0.0,0.0,0.0,0.0,0.0,0.0,0.0,1.0,3.0,0.0,0.0,0.0,1.0,0.0,15.0,0.0,0.0,0.0,0.0,0.0,0.0,0.0,0.0,81.0,0.0,0.0,16.0,0.0,0.0,0.0,0.0,0.0,0.0,0.0,3366.0,408,2142,331.0,2024,118.0,7.0,5944.60001
95,h,4.0,4,5.0,2,5.0,5.0,5,2,4,4.0,5,5.0,5.0,5,4,1,4.0,4,5,4,5,3,4,3.0,4.0,3.0,4,3,5,5.0,3,2,1,3,2,2,3,1,1,3,4,2,3,1,1,3,1,1,4,3,1,3,3,4,4,3,1,1,2,3,1,3,2,2,2,2,2,2,1,3,3,1,1,4,1,1,1,1,3,4.0,3,4,4,4.0,4,5,5,4.0,5,5,5.0,4,5,4.0,5.0,5.0,4.0,4.0,3,4,4,2.0,2,4.0,2,4.0,1.0,5.0,5.0,3,3,2,1,5,4,5,4,5,1.0,5,2,5,3,4,3,2,3,3,4,0,58,14,0,0,0,6,0,75,0,0,2,3,0,0,0,1482,1,100,0,139,699,0,0,0,1,384,491,490,3453,189,41,0.0,2.0,0.0,0.0,0.0,0.0,0.0,0.0,0.0,0.0,2.0,1.0,0.0,0.0,0.0,1.0,0.0,0.0,0.0,0.0,0.0,0.0,0.0,0.0,0.0,0.0,18.0,0.0,0.0,0.0,0.0,0.0,0.0,0.0,0.0,0.0,0.0,2491.0,230,1595,189.0,1571,24.0,5.0,2878.464376
93,h,4.0,5,5.0,5,5.0,3.0,5,2,4,5.0,5,5.0,5.0,5,5,5,5.0,5,5,5,5,5,5,5.0,5.0,5.0,1,3,1,2.0,1,3,4,3,2,3,2,1,1,1,4,2,1,4,1,1,1,3,4,4,3,1,4,3,4,1,3,4,1,3,4,3,1,1,1,1,1,4,1,1,4,1,1,4,1,1,1,1,4,4.0,5,5,5,3.0,5,5,5,5.0,4,5,5.0,5,5,4.0,4.0,5.0,4.0,5.0,4,3,5,5.0,4,3.0,5,5.0,3.0,5.0,5.0,3,3,5,5,5,5,5,5,5,5.0,5,5,5,5,5,5,1,3,5,5,4,157,16,2,0,7,23,2,66,0,0,6,1,0,0,0,2381,0,83,0,44,1348,0,0,0,2,432,529,666,3581,224,49,0.0,0.0,0.0,0.0,0.0,0.0,0.0,0.0,0.0,0.0,3.0,0.0,0.0,0.0,0.0,8.0,0.0,2.0,0.0,0.0,0.0,0.0,0.0,0.0,0.0,0.0,19.0,0.0,0.0,6.0,0.0,0.0,0.0,0.0,0.0,0.0,0.0,3095.0,273,1900,224.0,1862,38.0,5.0,2901.759608
90,h,4.0,4,5.0,4,4.0,3.0,4,2,4,5.0,4,5.0,4.0,5,4,3,4.0,4,3,3,4,3,3,3.0,3.0,3.0,2,3,4,4.0,3,3,2,3,2,3,3,2,3,3,3,2,2,3,2,2,3,2,3,3,3,2,3,3,3,3,3,3,2,3,2,3,2,2,2,2,3,3,3,2,2,1,1,3,3,3,3,2,2,4.0,5,4,4,4.0,4,4,5,4.0,4,5,5.0,4,4,4.0,3.0,4.0,4.0,4.0,4,4,4,4.0,4,4.0,4,4.0,4.0,4.0,4.0,4,4,4,4,3,4,4,4,4,4.0,4,4,4,3,4,3,2,4,4,4,0,113,13,0,0,0,126,0,102,0,0,3,0,1,0,0,4924,1,189,0,298,1898,0,0,0,0,899,1823,1062,6607,481,83,0.0,5.0,0.0,0.0,0.0,0.0,0.0,0.0,0.0,0.0,24.0,14.0,0.0,0.0,1.0,2.0,0.0,19.0,0.0,0.0,0.0,0.0,0.0,0.0,0.0,0.0,160.0,0.0,0.0,39.0,0.0,3.0,0.0,4.0,0.0,0.0,0.0,4941.0,564,4348,481.0,4077,271.0,10.0,10365.702481
38,h,3.0,3,4.0,3,4.0,4.0,3,4,4,3.0,3,4.0,3.0,4,4,4,4.0,4,2,3,3,2,2,3.0,2.0,3.0,4,4,4,3.0,3,2,1,3,3,1,1,1,2,2,1,4,2,1,1,1,1,2,2,3,2,1,3,3,2,3,3,3,2,2,3,2,2,1,2,2,2,3,3,1,4,1,3,2,2,4,2,3,3,4.0,3,4,4,3.0,3,4,4,4.0,3,4,4.0,3,4,4.0,4.0,4.0,3.0,3.0,3,3,4,4.0,3,3.0,4,3.0,4.0,4.0,3.0,4,3,4,3,3,4,4,3,3,3.0,4,2,3,2,4,3,3,4,4,4,0,83,9,0,0,0,1,0,51,0,0,14,1,2,0,0,2502,1,127,0,154,1020,0,0,0,0,463,668,622,2451,242,98,0.0,35.0,0.0,0.0,0.0,0.0,0.0,0.0,0.0,0.0,1.0,0.0,0.0,0.0,0.0,0.0,0.0,19.0,0.0,0.0,0.0,0.0,0.0,0.0,0.0,0.0,78.0,0.0,0.0,2.0,0.0,0.0,0.0,0.0,0.0,0.0,0.0,917.0,340,2093,242.0,1958,135.0,5.0,4276.630891
70,h,4.0,5,4.0,4,4.0,3.0,3,3,4,4.0,2,4.0,2.0,4,4,4,2.0,2,3,2,4,2,2,3.0,2.0,2.0,2,2,3,5.0,5,3,3,3,3,2,2,2,3,4,3,2,2,4,2,1,1,3,3,3,2,1,2,2,3,2,1,1,2,3,3,4,2,1,2,2,1,4,2,4,3,1,1,3,3,1,1,1,3,4.0,3,4,4,3.0,4,4,4,4.0,4,4,5.0,3,5,5.0,5.0,4.0,5.0,3.0,1,3,3,4.0,4,4.0,4,3.0,3.0,4.0,2.0,3,5,3,3,4,4,2,4,4,2.0,4,1,4,1,3,2,3,4,4,2,1,81,15,0,0,0,14,0,95,0,0,19,1,2,2,0,3321,2,159,0,109,1584,0,0,0,0,507,887,670,4827,254,70,0.0,8.0,0.0,0.0,0.0,0.0,0.0,0.0,0.0,0.0,10.0,0.0,0.0,0.0,0.0,1.0,0.0,18.0,0.0,0.0,0.0,0.0,0.0,0.0,0.0,0.0,71.0,0.0,0.0,20.0,0.0,0.0,0.0,4.0,0.0,0.0,0.0,1368.0,324,2388,254.0,2256,132.0,7.0,5099.16012
